CDTL,1,2,5024,12/30/99,10/22/14 9:59 AM,1,1,100909,0,0,1,3.99,1,3.99,210,,,0,GL_VA-20_102214.txt,VA-20,NULL,VA-20||5024||Oct 22 2014 12:00AM||Oct 22 2014  9:59AM
CDTL,1,2,5024,12/30/99,10/22/14 9:59 AM,1,1,1008,0,0,1,4,1,4,210,,,0,GL_VA-20_102214.txt,VA-20,NULL,VA-20||5024||Oct 22 2014 12:00AM||Oct 22 2014  9:59AM
CDTL,1,1,5019,12/30/99,10/22/14 9:02 AM,1,1,100902,0,0,1,1.99,1,1.99,210,,,0,GL_VA-20_102214.txt,VA-20,NULL,VA-20||5019||Oct 22 2014 12:00AM||Oct 22 2014  9:02AM
CDTL,1,1,5020,12/30/99,10/22/14 9:03 AM,1,1,1021,0,0,1,4.79,1,4.79,210,,,0,GL_VA-20_102214.txt,VA-20,NULL,VA-20||5020||Oct 22 2014 12:00AM||Oct 22 2014  9:03AM
CDTL,1,1,5021,12/30/99,10/22/14 9:06 AM,1,1,4516,0,0,1,4.99,1,4.99,210,,,0,GL_VA-20_102214.txt,VA-20,NULL,VA-20||5021||Oct 22 2014 12:00AM||Oct 22 2014  9:06AM
CDTL,1,2,5026,12/30/99,10/22/14 10:34 AM,1,1,2002,0,0,1,4.99,1,4.99,210,,,0,GL_VA-20_102214.txt,VA-20,NULL,VA-20||5026||Oct 22 2014 12:00AM||Oct 22 2014 10:34AM
CDTL,1,1,5038,12/30/99,10/22/14 12:20 PM,1,1,4004,0,0,1,4.99,1,4.99,210,,,0,GL_VA-20_102214.txt,VA-20,NULL,VA-20||5038||Oct 22 2014 12:00AM||Oct 22 2014 12:20PM
CDTL,1,2,5039,12/30/99,10/22/14 12:22 PM,1,1,100561,0,0,1,2.99,1,2.99,210,,,0,GL_VA-20_102214.txt,VA-20,NULL,VA-20||5039||Oct 22 2014 12:00AM||Oct 22 2014 12:22PM
CDTL,1,2,5039,12/30/99,10/22/14 12:22 PM,1,1,4516,0,0,1,4,1,4,210,,,0,GL_VA-20_102214.txt,VA-20,NULL,VA-20||5039||Oct 22 2014 12:00AM||Oct 22 2014 12:22PM
CDTL,1,1,5083,12/30/99,10/22/14 5:47 PM,1,1,100010,0,0,1,5.99,1,5.99,219,,,0,GL_VA-20_102214.txt,VA-20,NULL,VA-20||5083||Oct 22 2014 12:00AM||Oct 22 2014  5:47PM
CDTL,1,1,5083,12/30/99,10/22/14 5:47 PM,1,1,5105,0,0,1,4,1,4,219,,,0,GL_VA-20_102214.txt,VA-20,NULL,VA-20||5083||Oct 22 2014 12:00AM||Oct 22 2014  5:47PM
CDTL,1,1,5083,12/30/99,10/22/14 5:47 PM,1,1,100010,0,0,1,5.99,1,5.99,219,,,0,GL_VA-20_102214.txt,VA-20,NULL,VA-20||5083||Oct 22 2014 12:00AM||Oct 22 2014  5:47PM
CDTL,1,1,5083,12/30/99,10/22/14 5:47 PM,1,1,5105,0,0,1,4.99,1,4.99,219,,,0,GL_VA-20_102214.txt,VA-20,NULL,VA-20||5083||Oct 22 2014 12:00AM||Oct 22 2014  5:47PM
CDTL,1,1,5083,12/30/99,10/22/14 5:47 PM,1,1,1005,0,0,1,4.79,1,4.79,219,,,0,GL_VA-20_102214.txt,VA-20,NULL,VA-20||5083||Oct 22 2014 12:00AM||Oct 22 2014  5:47PM
CDTL,1,2,5084,12/30/99,10/22/14 5:49 PM,1,1,109053,0,0,1,2.39,1,2.39,219,,,0,GL_VA-20_102214.txt,VA-20,NULL,VA-20||5084||Oct 22 2014 12:00AM||Oct 22 2014  5:49PM
CDTL,1,2,5084,12/30/99,10/22/14 5:49 PM,1,1,4004,0,0,1,4.99,1,4.99,219,,,0,GL_VA-20_102214.txt,VA-20,NULL,VA-20||5084||Oct 22 2014 12:00AM||Oct 22 2014  5:49PM
CDTL,1,1,5040,12/30/99,10/22/14 12:23 PM,1,1,100001,0,0,1,5.99,1,5.99,210,,,0,GL_VA-20_102214.txt,VA-20,NULL,VA-20||5040||Oct 22 2014 12:00AM||Oct 22 2014 12:23PM
CDTL,1,1,5040,12/30/99,10/22/14 12:23 PM,1,1,800101,0,0,1,1.79,1,1.79,210,,,0,GL_VA-20_102214.txt,VA-20,NULL,VA-20||5040||Oct 22 2014 12:00AM||Oct 22 2014 12:23PM
CDTL,1,1,5066,12/30/99,10/22/14 3:54 PM,1,1,4003,0,0,1,4.99,1,4.99,210,,,0,GL_VA-20_102214.txt,VA-20,NULL,VA-20||5066||Oct 22 2014 12:00AM||Oct 22 2014  3:54PM
CDTL,1,1,5066,12/30/99,10/22/14 3:54 PM,1,1,1005,0,0,1,4.79,1,4.79,210,,,0,GL_VA-20_102214.txt,VA-20,NULL,VA-20||5066||Oct 22 2014 12:00AM||Oct 22 2014  3:54PM
CDTL,1,2,5067,12/30/99,10/22/14 3:56 PM,1,1,101103,0,0,1,3.99,1,3.99,210,,,0,GL_VA-20_102214.txt,VA-20,NULL,VA-20||5067||Oct 22 2014 12:00AM||Oct 22 2014  3:56PM
CDTL,1,2,5067,12/30/99,10/22/14 3:56 PM,1,1,101107,0,0,1,3.99,1,3.99,210,,,0,GL_VA-20_102214.txt,VA-20,NULL,VA-20||5067||Oct 22 2014 12:00AM||Oct 22 2014  3:56PM
CDTL,1,2,5067,12/30/99,10/22/14 3:56 PM,1,1,101107,0,0,1,3.99,1,3.99,210,,,0,GL_VA-20_102214.txt,VA-20,NULL,VA-20||5067||Oct 22 2014 12:00AM||Oct 22 2014  3:56PM
CDTL,1,1,5060,12/30/99,10/22/14 3:18 PM,1,1,1020,0,0,1,4.79,1,4.79,210,,,0,GL_VA-20_102214.txt,VA-20,NULL,VA-20||5060||Oct 22 2014 12:00AM||Oct 22 2014  3:18PM
CDTL,1,1,5060,12/30/99,10/22/14 3:18 PM,1,1,6207,0,0,1,0.75,1,0.75,210,,,0,GL_VA-20_102214.txt,VA-20,NULL,VA-20||5060||Oct 22 2014 12:00AM||Oct 22 2014  3:18PM
CDTL,1,1,5061,12/30/99,10/22/14 3:25 PM,1,1,1005,0,0,1,4.79,1,4.79,210,,,0,GL_VA-20_102214.txt,VA-20,NULL,VA-20||5061||Oct 22 2014 12:00AM||Oct 22 2014  3:25PM
CDTL,1,1,5061,12/30/99,10/22/14 3:25 PM,1,1,4007,0,0,1,4.99,1,4.99,210,,,0,GL_VA-20_102214.txt,VA-20,NULL,VA-20||5061||Oct 22 2014 12:00AM||Oct 22 2014  3:25PM
CDTL,1,2,5062,12/30/99,10/22/14 3:26 PM,1,1,4503,0,0,1,4.79,1,4.79,210,,,0,GL_VA-20_102214.txt,VA-20,NULL,VA-20||5062||Oct 22 2014 12:00AM||Oct 22 2014  3:26PM
CDTL,1,1,5057,12/30/99,10/22/14 3:01 PM,1,1,2006,0,0,1,4.99,1,4.99,210,,,0,GL_VA-20_102214.txt,VA-20,NULL,VA-20||5057||Oct 22 2014 12:00AM||Oct 22 2014  3:01PM
CDTL,1,2,5085,12/30/99,10/22/14 5:49 PM,1,1,100006,0,0,1,5.99,1,5.99,219,,,0,GL_VA-20_102214.txt,VA-20,NULL,VA-20||5085||Oct 22 2014 12:00AM||Oct 22 2014  5:49PM
CDTL,1,2,5086,12/30/99,10/22/14 5:51 PM,1,1,9000003,0,0,1,1.58,1,1.58,219,B12 AND PRO,,0,GL_VA-20_102214.txt,VA-20,NULL,VA-20||5086||Oct 22 2014 12:00AM||Oct 22 2014  5:51PM
CDTL,1,1,5076,12/30/99,10/22/14 5:01 PM,1,1,4003,0,0,1,4.99,1,4.99,219,,,0,GL_VA-20_102214.txt,VA-20,NULL,VA-20||5076||Oct 22 2014 12:00AM||Oct 22 2014  5:01PM
CDTL,1,2,5077,12/30/99,10/22/14 5:04 PM,1,1,1005,0,0,1,4.79,1,4.79,219,,,0,GL_VA-20_102214.txt,VA-20,NULL,VA-20||5077||Oct 22 2014 12:00AM||Oct 22 2014  5:04PM
CDTL,1,2,5078,12/30/99,10/22/14 5:08 PM,1,1,102003,0,0,1,6.29,1,6.29,219,,,0,GL_VA-20_102214.txt,VA-20,NULL,VA-20||5078||Oct 22 2014 12:00AM||Oct 22 2014  5:08PM
CDTL,1,2,5078,12/30/99,10/22/14 5:08 PM,1,1,5105,0,0,1,4,1,4,219,,,0,GL_VA-20_102214.txt,VA-20,NULL,VA-20||5078||Oct 22 2014 12:00AM||Oct 22 2014  5:08PM
CDTL,1,2,5079,12/30/99,10/22/14 5:11 PM,1,1,5103,0,0,1,4.99,1,4.99,219,,,0,GL_VA-20_102214.txt,VA-20,NULL,VA-20||5079||Oct 22 2014 12:00AM||Oct 22 2014  5:11PM
CDTL,1,2,5022,12/30/99,10/22/14 9:45 AM,1,1,4006,0,0,1,4.99,1,4.99,210,,,0,GL_VA-20_102214.txt,VA-20,NULL,VA-20||5022||Oct 22 2014 12:00AM||Oct 22 2014  9:45AM
CDTL,1,2,5023,12/30/99,10/22/14 9:47 AM,1,1,1016,0,0,1,4.79,1,4.79,210,,,0,GL_VA-20_102214.txt,VA-20,NULL,VA-20||5023||Oct 22 2014 12:00AM||Oct 22 2014  9:47AM
CDTL,1,2,5023,12/30/99,10/22/14 9:47 AM,1,1,2006,0,0,1,4.99,1,4.99,210,,,0,GL_VA-20_102214.txt,VA-20,NULL,VA-20||5023||Oct 22 2014 12:00AM||Oct 22 2014  9:47AM
CDTL,1,1,5058,12/30/99,10/22/14 3:12 PM,1,1,4516,0,0,1,4.99,1,4.99,210,,,0,GL_VA-20_102214.txt,VA-20,NULL,VA-20||5058||Oct 22 2014 12:00AM||Oct 22 2014  3:12PM
CDTL,1,1,5059,12/30/99,10/22/14 3:13 PM,1,1,1010,0,0,1,4.79,1,4.79,210,,,0,GL_VA-20_102214.txt,VA-20,NULL,VA-20||5059||Oct 22 2014 12:00AM||Oct 22 2014  3:13PM
CDTL,1,2,5093,12/30/99,10/22/14 6:32 PM,1,1,4004,0,0,1,4.99,1,4.99,219,,,0,GL_VA-20_102214.txt,VA-20,NULL,VA-20||5093||Oct 22 2014 12:00AM||Oct 22 2014  6:32PM
CDTL,1,1,5094,12/30/99,10/22/14 6:43 PM,1,1,100007,0,0,1,5.99,1,5.99,219,,,0,GL_VA-20_102214.txt,VA-20,NULL,VA-20||5094||Oct 22 2014 12:00AM||Oct 22 2014  6:43PM
CDTL,1,1,5094,12/30/99,10/22/14 6:43 PM,1,1,1016,0,0,1,4,1,4,219,,,0,GL_VA-20_102214.txt,VA-20,NULL,VA-20||5094||Oct 22 2014 12:00AM||Oct 22 2014  6:43PM
CDTL,1,1,5094,12/30/99,10/22/14 6:43 PM,1,1,800102,0,0,1,1.79,1,1.79,219,,,0,GL_VA-20_102214.txt,VA-20,NULL,VA-20||5094||Oct 22 2014 12:00AM||Oct 22 2014  6:43PM
CDTL,1,1,5094,12/30/99,10/22/14 6:43 PM,1,1,100006,0,0,1,5.99,1,5.99,219,,,0,GL_VA-20_102214.txt,VA-20,NULL,VA-20||5094||Oct 22 2014 12:00AM||Oct 22 2014  6:43PM
CDTL,1,1,5094,12/30/99,10/22/14 6:43 PM,1,1,100007,0,0,1,5.99,1,5.99,219,,,0,GL_VA-20_102214.txt,VA-20,NULL,VA-20||5094||Oct 22 2014 12:00AM||Oct 22 2014  6:43PM
CDTL,1,1,5094,12/30/99,10/22/14 6:43 PM,1,1,1016,0,0,1,4,1,4,219,,,0,GL_VA-20_102214.txt,VA-20,NULL,VA-20||5094||Oct 22 2014 12:00AM||Oct 22 2014  6:43PM
CDTL,1,1,5094,12/30/99,10/22/14 6:43 PM,1,1,100009,0,0,1,5.99,1,5.99,219,,,0,GL_VA-20_102214.txt,VA-20,NULL,VA-20||5094||Oct 22 2014 12:00AM||Oct 22 2014  6:43PM
CDTL,1,1,5094,12/30/99,10/22/14 6:43 PM,1,1,4003,0,0,1,4,1,4,219,,,0,GL_VA-20_102214.txt,VA-20,NULL,VA-20||5094||Oct 22 2014 12:00AM||Oct 22 2014  6:43PM
CDTL,1,2,5095,12/30/99,10/22/14 6:47 PM,1,1,101105,0,0,1,3.99,1,3.99,219,,,0,GL_VA-20_102214.txt,VA-20,NULL,VA-20||5095||Oct 22 2014 12:00AM||Oct 22 2014  6:47PM
CDTL,1,2,5095,12/30/99,10/22/14 6:47 PM,1,1,1005,0,0,1,4,1,4,219,,,0,GL_VA-20_102214.txt,VA-20,NULL,VA-20||5095||Oct 22 2014 12:00AM||Oct 22 2014  6:47PM
CDTL,1,2,5096,12/30/99,10/22/14 6:49 PM,1,1,100010,0,0,1,5.99,1,5.99,219,,,0,GL_VA-20_102214.txt,VA-20,NULL,VA-20||5096||Oct 22 2014 12:00AM||Oct 22 2014  6:49PM
CDTL,1,2,5096,12/30/99,10/22/14 6:49 PM,1,1,1015,0,0,1,4,1,4,219,,,0,GL_VA-20_102214.txt,VA-20,NULL,VA-20||5096||Oct 22 2014 12:00AM||Oct 22 2014  6:49PM
CDTL,1,2,5096,12/30/99,10/22/14 6:49 PM,1,1,100913,0,0,1,3.99,1,3.99,219,,,0,GL_VA-20_102214.txt,VA-20,NULL,VA-20||5096||Oct 22 2014 12:00AM||Oct 22 2014  6:49PM
CDTL,1,2,5096,12/30/99,10/22/14 6:49 PM,1,1,1017,0,0,1,4,1,4,219,,,0,GL_VA-20_102214.txt,VA-20,NULL,VA-20||5096||Oct 22 2014 12:00AM||Oct 22 2014  6:49PM
CDTL,1,2,5046,12/30/99,10/22/14 1:16 PM,1,1,101102,0,0,1,3.99,1,3.99,210,,,0,GL_VA-20_102214.txt,VA-20,NULL,VA-20||5046||Oct 22 2014 12:00AM||Oct 22 2014  1:16PM
CDTL,1,2,5046,12/30/99,10/22/14 1:16 PM,1,1,900107,0,0,1,0.25,1,0.25,210,,,0,GL_VA-20_102214.txt,VA-20,NULL,VA-20||5046||Oct 22 2014 12:00AM||Oct 22 2014  1:16PM
CDTL,1,2,5046,12/30/99,10/22/14 1:16 PM,1,1,1020,0,0,1,4,1,4,210,,,0,GL_VA-20_102214.txt,VA-20,NULL,VA-20||5046||Oct 22 2014 12:00AM||Oct 22 2014  1:16PM
CDTL,1,2,5047,12/30/99,10/22/14 1:20 PM,1,1,2007,0,0,1,4.99,1,4.99,210,,,0,GL_VA-20_102214.txt,VA-20,NULL,VA-20||5047||Oct 22 2014 12:00AM||Oct 22 2014  1:20PM
CDTL,1,2,5048,12/30/99,10/22/14 1:20 PM,1,1,101103,0,0,1,3.99,1,3.99,210,,,0,GL_VA-20_102214.txt,VA-20,NULL,VA-20||5048||Oct 22 2014 12:00AM||Oct 22 2014  1:20PM
CDTL,1,1,5068,12/30/99,10/22/14 4:23 PM,1,1,2002,0,0,1,4.99,1,4.99,210,,,0,GL_VA-20_102214.txt,VA-20,NULL,VA-20||5068||Oct 22 2014 12:00AM||Oct 22 2014  4:23PM
CDTL,1,1,5068,12/30/99,10/22/14 4:23 PM,1,1,4004,0,0,1,4.99,1,4.99,210,,,0,GL_VA-20_102214.txt,VA-20,NULL,VA-20||5068||Oct 22 2014 12:00AM||Oct 22 2014  4:23PM
CDTL,1,1,5069,12/30/99,10/22/14 4:27 PM,1,1,108021,0,0,1,0.99,1,0.99,210,,,0,GL_VA-20_102214.txt,VA-20,NULL,VA-20||5069||Oct 22 2014 12:00AM||Oct 22 2014  4:27PM
CDTL,1,1,5035,12/30/99,10/22/14 11:43 AM,1,1,1001,0,0,1,4.79,1,4.79,210,,,0,GL_VA-20_102214.txt,VA-20,NULL,VA-20||5035||Oct 22 2014 12:00AM||Oct 22 2014 11:43AM
CDTL,1,2,5091,12/30/99,10/22/14 6:26 PM,1,1,4516,0,0,1,4.99,1,4.99,219,,,0,GL_VA-20_102214.txt,VA-20,NULL,VA-20||5091||Oct 22 2014 12:00AM||Oct 22 2014  6:26PM
CDTL,1,2,5091,12/30/99,10/22/14 6:26 PM,1,1,6236,0,0,1,0.79,1,0.79,219,,,0,GL_VA-20_102214.txt,VA-20,NULL,VA-20||5091||Oct 22 2014 12:00AM||Oct 22 2014  6:26PM
CDTL,1,2,5091,12/30/99,10/22/14 6:26 PM,1,1,6207,0,0,1,0.75,1,0.75,219,,,0,GL_VA-20_102214.txt,VA-20,NULL,VA-20||5091||Oct 22 2014 12:00AM||Oct 22 2014  6:26PM
CDTL,1,2,5091,12/30/99,10/22/14 6:26 PM,1,1,6216,0,0,1,0.75,1,0.75,219,,,0,GL_VA-20_102214.txt,VA-20,NULL,VA-20||5091||Oct 22 2014 12:00AM||Oct 22 2014  6:26PM
CDTL,1,2,5092,12/30/99,10/22/14 6:28 PM,1,1,2007,0,0,1,4.99,1,4.99,219,,,0,GL_VA-20_102214.txt,VA-20,NULL,VA-20||5092||Oct 22 2014 12:00AM||Oct 22 2014  6:28PM
CDTL,1,2,5099,12/30/99,10/22/14 7:47 PM,1,1,4004,0,0,1,4.99,1,4.99,219,,,0,GL_VA-20_102214.txt,VA-20,NULL,VA-20||5099||Oct 22 2014 12:00AM||Oct 22 2014  7:47PM
CDTL,1,2,5099,12/30/99,10/22/14 7:47 PM,1,1,101107,0,0,1,3.99,1,3.99,219,,,0,GL_VA-20_102214.txt,VA-20,NULL,VA-20||5099||Oct 22 2014 12:00AM||Oct 22 2014  7:47PM
CDTL,1,2,5099,12/30/99,10/22/14 7:47 PM,1,1,4004,0,0,1,4,1,4,219,,,0,GL_VA-20_102214.txt,VA-20,NULL,VA-20||5099||Oct 22 2014 12:00AM||Oct 22 2014  7:47PM
CDTL,1,2,5100,12/30/99,10/22/14 7:58 PM,1,1,4006,0,0,1,4.99,1,4.99,219,,,0,GL_VA-20_102214.txt,VA-20,NULL,VA-20||5100||Oct 22 2014 12:00AM||Oct 22 2014  7:58PM
CDTL,1,2,5100,12/30/99,10/22/14 7:58 PM,1,1,101103,0,0,1,3.99,1,3.99,219,,,0,GL_VA-20_102214.txt,VA-20,NULL,VA-20||5100||Oct 22 2014 12:00AM||Oct 22 2014  7:58PM
CDTL,1,2,5100,12/30/99,10/22/14 7:58 PM,1,1,101103,0,0,1,3.99,1,3.99,219,,,0,GL_VA-20_102214.txt,VA-20,NULL,VA-20||5100||Oct 22 2014 12:00AM||Oct 22 2014  7:58PM
CDTL,1,2,5089,12/30/99,10/22/14 6:13 PM,1,1,109053,0,0,1,0.5,1,0.5,219,,,0,GL_VA-20_102214.txt,VA-20,NULL,VA-20||5089||Oct 22 2014 12:00AM||Oct 22 2014  6:13PM
CDTL,1,2,5089,12/30/99,10/22/14 6:13 PM,1,1,4008,0,0,1,4.99,1,4.99,219,,,0,GL_VA-20_102214.txt,VA-20,NULL,VA-20||5089||Oct 22 2014 12:00AM||Oct 22 2014  6:13PM
CDTL,1,2,5089,12/30/99,10/22/14 6:13 PM,1,1,2002,0,0,1,4.99,1,4.99,219,,,0,GL_VA-20_102214.txt,VA-20,NULL,VA-20||5089||Oct 22 2014 12:00AM||Oct 22 2014  6:13PM
CDTL,1,2,5089,12/30/99,10/22/14 6:13 PM,1,1,6236,0,0,1,0.79,1,0.79,219,,,0,GL_VA-20_102214.txt,VA-20,NULL,VA-20||5089||Oct 22 2014 12:00AM||Oct 22 2014  6:13PM
CDTL,1,2,5089,12/30/99,10/22/14 6:13 PM,1,1,109053,0,0,1,2.39,1,2.39,219,,,0,GL_VA-20_102214.txt,VA-20,NULL,VA-20||5089||Oct 22 2014 12:00AM||Oct 22 2014  6:13PM
CDTL,1,2,5089,12/30/99,10/22/14 6:13 PM,1,1,109009,0,0,1,3.49,1,3.49,219,,,0,GL_VA-20_102214.txt,VA-20,NULL,VA-20||5089||Oct 22 2014 12:00AM||Oct 22 2014  6:13PM
CDTL,1,2,5089,12/30/99,10/22/14 6:13 PM,1,1,1000114,0,0,1,3.49,1,3.49,219,,,0,GL_VA-20_102214.txt,VA-20,NULL,VA-20||5089||Oct 22 2014 12:00AM||Oct 22 2014  6:13PM
CDTL,1,2,5090,12/30/99,10/22/14 6:13 PM,1,1,1016,0,0,1,4.79,1,4.79,219,,,0,GL_VA-20_102214.txt,VA-20,NULL,VA-20||5090||Oct 22 2014 12:00AM||Oct 22 2014  6:13PM
CDTL,1,2,5036,12/30/99,10/22/14 11:48 AM,1,1,100001,0,0,1,5.99,1,5.99,210,,,0,GL_VA-20_102214.txt,VA-20,NULL,VA-20||5036||Oct 22 2014 12:00AM||Oct 22 2014 11:48AM
CDTL,1,2,5036,12/30/99,10/22/14 11:48 AM,1,1,5105,0,0,1,4,1,4,210,,,0,GL_VA-20_102214.txt,VA-20,NULL,VA-20||5036||Oct 22 2014 12:00AM||Oct 22 2014 11:48AM
CDTL,1,2,5073,12/30/99,10/22/14 4:51 PM,1,1,4004,0,0,1,4.99,1,4.99,219,,,0,GL_VA-20_102214.txt,VA-20,NULL,VA-20||5073||Oct 22 2014 12:00AM||Oct 22 2014  4:51PM
CDTL,1,2,5073,12/30/99,10/22/14 4:51 PM,1,1,4004,0,0,1,4.99,1,4.99,219,,,0,GL_VA-20_102214.txt,VA-20,NULL,VA-20||5073||Oct 22 2014 12:00AM||Oct 22 2014  4:51PM
CDTL,1,1,5074,12/30/99,10/22/14 4:55 PM,1,1,2007,0,0,1,4.99,1,4.99,219,,,0,GL_VA-20_102214.txt,VA-20,NULL,VA-20||5074||Oct 22 2014 12:00AM||Oct 22 2014  4:55PM
CDTL,1,1,5074,12/30/99,10/22/14 4:55 PM,1,1,101107,0,0,1,3.99,1,3.99,219,,,0,GL_VA-20_102214.txt,VA-20,NULL,VA-20||5074||Oct 22 2014 12:00AM||Oct 22 2014  4:55PM
CDTL,1,1,5074,12/30/99,10/22/14 4:55 PM,1,1,2007,0,0,1,4,1,4,219,,,0,GL_VA-20_102214.txt,VA-20,NULL,VA-20||5074||Oct 22 2014 12:00AM||Oct 22 2014  4:55PM
CDTL,1,1,5074,12/30/99,10/22/14 4:55 PM,1,1,7013,0,0,1,0.5,1,0.5,219,,,0,GL_VA-20_102214.txt,VA-20,NULL,VA-20||5074||Oct 22 2014 12:00AM||Oct 22 2014  4:55PM
CDTL,1,1,5075,12/30/99,10/22/14 4:57 PM,1,1,2007,0,0,1,4.99,1,4.99,219,,,0,GL_VA-20_102214.txt,VA-20,NULL,VA-20||5075||Oct 22 2014 12:00AM||Oct 22 2014  4:57PM
CDTL,1,1,5075,12/30/99,10/22/14 4:57 PM,1,1,100010,0,0,1,5.99,1,5.99,219,,,0,GL_VA-20_102214.txt,VA-20,NULL,VA-20||5075||Oct 22 2014 12:00AM||Oct 22 2014  4:57PM
CDTL,1,1,5075,12/30/99,10/22/14 4:57 PM,1,1,2007,0,0,1,4,1,4,219,,,0,GL_VA-20_102214.txt,VA-20,NULL,VA-20||5075||Oct 22 2014 12:00AM||Oct 22 2014  4:57PM
CDTL,1,2,5070,12/30/99,10/22/14 4:35 PM,1,1,101103,0,0,1,3.99,1,3.99,210,,,0,GL_VA-20_102214.txt,VA-20,NULL,VA-20||5070||Oct 22 2014 12:00AM||Oct 22 2014  4:35PM
CDTL,1,2,5070,12/30/99,10/22/14 4:35 PM,1,1,2006,0,0,1,4,1,4,210,,,0,GL_VA-20_102214.txt,VA-20,NULL,VA-20||5070||Oct 22 2014 12:00AM||Oct 22 2014  4:35PM
CDTL,1,2,5050,12/30/99,10/22/14 1:52 PM,1,1,9905036,0,0,1,6.29,1,6.29,210,,,0,GL_VA-20_102214.txt,VA-20,NULL,VA-20||5050||Oct 22 2014 12:00AM||Oct 22 2014  1:52PM
CDTL,1,2,5051,12/30/99,10/22/14 1:53 PM,1,1,1016,0,0,1,4.79,1,4.79,210,,,0,GL_VA-20_102214.txt,VA-20,NULL,VA-20||5051||Oct 22 2014 12:00AM||Oct 22 2014  1:53PM
CDTL,1,2,5052,12/30/99,10/22/14 1:53 PM,1,1,4006,0,0,1,4.99,1,4.99,210,,,0,GL_VA-20_102214.txt,VA-20,NULL,VA-20||5052||Oct 22 2014 12:00AM||Oct 22 2014  1:53PM
CDTL,1,1,5063,12/30/99,10/22/14 3:34 PM,1,1,4008,0,0,1,4.99,1,4.99,210,,,0,GL_VA-20_102214.txt,VA-20,NULL,VA-20||5063||Oct 22 2014 12:00AM||Oct 22 2014  3:34PM
CDTL,1,1,5063,12/30/99,10/22/14 3:34 PM,1,1,6215,0,0,1,0.75,1,0.75,210,,,0,GL_VA-20_102214.txt,VA-20,NULL,VA-20||5063||Oct 22 2014 12:00AM||Oct 22 2014  3:34PM
CDTL,1,2,5100,12/30/99,10/22/14 7:58 PM,1,1,101103,0,0,1,3.99,1,3.99,219,,,0,GL_VA-20_102214.txt,VA-20,NULL,VA-20||5100||Oct 22 2014 12:00AM||Oct 22 2014  7:58PM
CDTL,1,2,5100,12/30/99,10/22/14 7:58 PM,1,1,4006,0,0,1,4,1,4,219,,,0,GL_VA-20_102214.txt,VA-20,NULL,VA-20||5100||Oct 22 2014 12:00AM||Oct 22 2014  7:58PM
CDTL,1,2,5100,12/30/99,10/22/14 7:58 PM,1,1,108021,0,0,1,0.99,1,0.99,219,,,0,GL_VA-20_102214.txt,VA-20,NULL,VA-20||5100||Oct 22 2014 12:00AM||Oct 22 2014  7:58PM
CDTL,1,2,5100,12/30/99,10/22/14 7:58 PM,1,1,800105,0,0,1,1.79,1,1.79,219,,,0,GL_VA-20_102214.txt,VA-20,NULL,VA-20||5100||Oct 22 2014 12:00AM||Oct 22 2014  7:58PM
CDTL,1,2,5098,12/30/99,10/22/14 7:30 PM,1,1,109052,0,0,1,2.39,1,2.39,219,,,0,GL_VA-20_102214.txt,VA-20,NULL,VA-20||5098||Oct 22 2014 12:00AM||Oct 22 2014  7:30PM
CDTL,1,2,5098,12/30/99,10/22/14 7:30 PM,1,1,109053,0,0,1,2.39,1,2.39,219,,,0,GL_VA-20_102214.txt,VA-20,NULL,VA-20||5098||Oct 22 2014 12:00AM||Oct 22 2014  7:30PM
CDTL,1,1,5054,12/30/99,10/22/14 2:28 PM,1,1,5104,0,0,1,4.99,1,4.99,210,,,0,GL_VA-20_102214.txt,VA-20,NULL,VA-20||5054||Oct 22 2014 12:00AM||Oct 22 2014  2:28PM
CDTL,1,1,5054,12/30/99,10/22/14 2:28 PM,1,1,6207,0,0,1,0.75,1,0.75,210,,,0,GL_VA-20_102214.txt,VA-20,NULL,VA-20||5054||Oct 22 2014 12:00AM||Oct 22 2014  2:28PM
CDTL,1,2,5037,12/30/99,10/22/14 12:05 PM,1,1,101102,0,0,1,3.99,1,3.99,210,,,0,GL_VA-20_102214.txt,VA-20,NULL,VA-20||5037||Oct 22 2014 12:00AM||Oct 22 2014 12:05PM
CDTL,1,2,5037,12/30/99,10/22/14 12:05 PM,1,1,2001,0,0,1,4,1,4,210,,,0,GL_VA-20_102214.txt,VA-20,NULL,VA-20||5037||Oct 22 2014 12:00AM||Oct 22 2014 12:05PM
CDTL,1,1,5087,12/30/99,10/22/14 6:03 PM,1,1,100007,0,0,1,5.99,1,5.99,219,,,0,GL_VA-20_102214.txt,VA-20,NULL,VA-20||5087||Oct 22 2014 12:00AM||Oct 22 2014  6:03PM
CDTL,1,1,5087,12/30/99,10/22/14 6:03 PM,1,2,900119,0,0,1,0.25,1,0.25,219,,,0,GL_VA-20_102214.txt,VA-20,NULL,VA-20||5087||Oct 22 2014 12:00AM||Oct 22 2014  6:03PM
CDTL,1,1,5087,12/30/99,10/22/14 6:03 PM,1,1,5106,0,0,1,4,1,4,219,,,0,GL_VA-20_102214.txt,VA-20,NULL,VA-20||5087||Oct 22 2014 12:00AM||Oct 22 2014  6:03PM
CDTL,1,2,5088,12/30/99,10/22/14 6:05 PM,1,1,108003,0,0,1,2.49,1,2.49,219,,,0,GL_VA-20_102214.txt,VA-20,NULL,VA-20||5088||Oct 22 2014 12:00AM||Oct 22 2014  6:05PM
CDTL,1,2,5025,12/30/99,10/22/14 10:21 AM,1,1,1005,0,0,1,4.79,1,4.79,210,,,0,GL_VA-20_102214.txt,VA-20,NULL,VA-20||5025||Oct 22 2014 12:00AM||Oct 22 2014 10:21AM
CDTL,1,2,5041,12/30/99,10/22/14 12:36 PM,1,1,1000113,0,0,1,0.61,1,0.61,210,,,0,GL_VA-20_102214.txt,VA-20,NULL,VA-20||5041||Oct 22 2014 12:00AM||Oct 22 2014 12:36PM
CDTL,1,2,5041,12/30/99,10/22/14 12:36 PM,1,1,101101,0,0,1,3.99,1,3.99,210,,,0,GL_VA-20_102214.txt,VA-20,NULL,VA-20||5041||Oct 22 2014 12:00AM||Oct 22 2014 12:36PM
CDTL,1,2,5041,12/30/99,10/22/14 12:36 PM,1,1,800102,0,0,1,1.39,1,1.39,210,,,0,GL_VA-20_102214.txt,VA-20,NULL,VA-20||5041||Oct 22 2014 12:00AM||Oct 22 2014 12:36PM
CDTL,1,2,5042,12/30/99,10/22/14 12:38 PM,1,1,4516,0,0,1,4.99,1,4.99,210,,,0,GL_VA-20_102214.txt,VA-20,NULL,VA-20||5042||Oct 22 2014 12:00AM||Oct 22 2014 12:38PM
CDTL,1,2,5042,12/30/99,10/22/14 12:38 PM,1,1,7006,0,0,1,0.5,1,0.5,210,,,0,GL_VA-20_102214.txt,VA-20,NULL,VA-20||5042||Oct 22 2014 12:00AM||Oct 22 2014 12:38PM
CDTL,1,2,5042,12/30/99,10/22/14 12:38 PM,1,1,1015,0,0,1,4.79,1,4.79,210,,,0,GL_VA-20_102214.txt,VA-20,NULL,VA-20||5042||Oct 22 2014 12:00AM||Oct 22 2014 12:38PM
CDTL,1,2,5043,12/30/99,10/22/14 12:41 PM,1,1,100545,0,0,1,6.79,1,6.79,210,,,0,GL_VA-20_102214.txt,VA-20,NULL,VA-20||5043||Oct 22 2014 12:00AM||Oct 22 2014 12:41PM
CDTL,1,2,5043,12/30/99,10/22/14 12:41 PM,1,1,5105,0,0,1,4,1,4,210,,,0,GL_VA-20_102214.txt,VA-20,NULL,VA-20||5043||Oct 22 2014 12:00AM||Oct 22 2014 12:41PM
CDTL,1,2,5043,12/30/99,10/22/14 12:41 PM,1,1,100001,0,0,1,5.99,1,5.99,210,,,0,GL_VA-20_102214.txt,VA-20,NULL,VA-20||5043||Oct 22 2014 12:00AM||Oct 22 2014 12:41PM
CDTL,1,2,5043,12/30/99,10/22/14 12:41 PM,1,1,5105,0,0,1,4,1,4,210,,,0,GL_VA-20_102214.txt,VA-20,NULL,VA-20||5043||Oct 22 2014 12:00AM||Oct 22 2014 12:41PM
CDTL,1,1,5071,12/30/99,10/22/14 4:37 PM,1,1,2002,0,0,1,4.99,1,4.99,219,,,0,GL_VA-20_102214.txt,VA-20,NULL,VA-20||5071||Oct 22 2014 12:00AM||Oct 22 2014  4:37PM
CDTL,1,1,5072,12/30/99,10/22/14 4:38 PM,1,1,100561,0,0,1,2.99,1,2.99,219,,,0,GL_VA-20_102214.txt,VA-20,NULL,VA-20||5072||Oct 22 2014 12:00AM||Oct 22 2014  4:38PM
CDTL,1,1,5072,12/30/99,10/22/14 4:38 PM,1,1,4516,0,0,1,4,1,4,219,,,0,GL_VA-20_102214.txt,VA-20,NULL,VA-20||5072||Oct 22 2014 12:00AM||Oct 22 2014  4:38PM
CDTL,1,1,5055,12/30/99,10/22/14 2:33 PM,1,1,1005,0,0,1,4.79,1,4.79,210,,,0,GL_VA-20_102214.txt,VA-20,NULL,VA-20||5055||Oct 22 2014 12:00AM||Oct 22 2014  2:33PM
CDTL,1,1,5055,12/30/99,10/22/14 2:33 PM,1,1,2007,0,0,1,4.99,1,4.99,210,,,0,GL_VA-20_102214.txt,VA-20,NULL,VA-20||5055||Oct 22 2014 12:00AM||Oct 22 2014  2:33PM
CDTL,1,1,5056,12/30/99,10/22/14 2:42 PM,1,1,4006,0,0,1,4.99,1,4.99,210,,,0,GL_VA-20_102214.txt,VA-20,NULL,VA-20||5056||Oct 22 2014 12:00AM||Oct 22 2014  2:42PM
CDTL,1,2,5050,12/30/99,10/22/14 1:52 PM,1,1,101103,0,0,1,3.99,1,3.99,210,,,0,GL_VA-20_102214.txt,VA-20,NULL,VA-20||5050||Oct 22 2014 12:00AM||Oct 22 2014  1:52PM
CDTL,1,2,5050,12/30/99,10/22/14 1:52 PM,1,1,5001,0,0,1,4,1,4,210,,,0,GL_VA-20_102214.txt,VA-20,NULL,VA-20||5050||Oct 22 2014 12:00AM||Oct 22 2014  1:52PM
CDTL,1,2,5050,12/30/99,10/22/14 1:52 PM,1,1,101103,0,0,1,3.99,1,3.99,210,,,0,GL_VA-20_102214.txt,VA-20,NULL,VA-20||5050||Oct 22 2014 12:00AM||Oct 22 2014  1:52PM
CDTL,1,2,5064,12/30/99,10/22/14 3:34 PM,1,1,1016,0,0,1,4.79,1,4.79,210,,,0,GL_VA-20_102214.txt,VA-20,NULL,VA-20||5064||Oct 22 2014 12:00AM||Oct 22 2014  3:34PM
CDTL,1,2,5064,12/30/99,10/22/14 3:34 PM,1,1,101101,0,0,1,3.99,1,3.99,210,,,0,GL_VA-20_102214.txt,VA-20,NULL,VA-20||5064||Oct 22 2014 12:00AM||Oct 22 2014  3:34PM
CDTL,1,2,5064,12/30/99,10/22/14 3:34 PM,1,1,1016,0,0,1,4,1,4,210,,,0,GL_VA-20_102214.txt,VA-20,NULL,VA-20||5064||Oct 22 2014 12:00AM||Oct 22 2014  3:34PM
CDTL,1,2,5065,12/30/99,10/22/14 3:41 PM,1,1,1001,0,0,1,4.79,1,4.79,210,,,0,GL_VA-20_102214.txt,VA-20,NULL,VA-20||5065||Oct 22 2014 12:00AM||Oct 22 2014  3:41PM
CDTL,1,2,5065,12/30/99,10/22/14 3:41 PM,1,1,1000114,0,0,1,3.49,1,3.49,210,,,0,GL_VA-20_102214.txt,VA-20,NULL,VA-20||5065||Oct 22 2014 12:00AM||Oct 22 2014  3:41PM
CDTL,1,2,5065,12/30/99,10/22/14 3:41 PM,1,1,109052,0,0,1,0.5,1,0.5,210,,,0,GL_VA-20_102214.txt,VA-20,NULL,VA-20||5065||Oct 22 2014 12:00AM||Oct 22 2014  3:41PM
CDTL,1,2,5031,12/30/99,10/22/14 11:22 AM,1,1,5103,0,0,1,4.99,1,4.99,210,,,0,GL_VA-20_102214.txt,VA-20,NULL,VA-20||5031||Oct 22 2014 12:00AM||Oct 22 2014 11:22AM
CDTL,1,2,5031,12/30/99,10/22/14 11:22 AM,1,1,101103,0,0,1,3.99,1,3.99,210,,,0,GL_VA-20_102214.txt,VA-20,NULL,VA-20||5031||Oct 22 2014 12:00AM||Oct 22 2014 11:22AM
CDTL,1,2,5031,12/30/99,10/22/14 11:22 AM,1,1,5103,0,0,1,4,1,4,210,,,0,GL_VA-20_102214.txt,VA-20,NULL,VA-20||5031||Oct 22 2014 12:00AM||Oct 22 2014 11:22AM
CDTL,1,2,5031,12/30/99,10/22/14 11:22 AM,1,1,6206,0,0,1,0.75,1,0.75,210,,,0,GL_VA-20_102214.txt,VA-20,NULL,VA-20||5031||Oct 22 2014 12:00AM||Oct 22 2014 11:22AM
CDTL,1,1,5032,12/30/99,10/22/14 11:23 AM,1,1,101103,0,0,1,3.99,1,3.99,210,,,0,GL_VA-20_102214.txt,VA-20,NULL,VA-20||5032||Oct 22 2014 12:00AM||Oct 22 2014 11:23AM
CDTL,1,2,5033,12/30/99,10/22/14 11:24 AM,1,1,4516,0,0,1,4.99,1,4.99,210,,,0,GL_VA-20_102214.txt,VA-20,NULL,VA-20||5033||Oct 22 2014 12:00AM||Oct 22 2014 11:24AM
CDTL,1,2,5027,12/30/99,10/22/14 11:00 AM,1,1,100902,0,0,1,1.99,1,1.99,210,,,0,GL_VA-20_102214.txt,VA-20,NULL,VA-20||5027||Oct 22 2014 12:00AM||Oct 22 2014 11:00AM
CDTL,1,2,5028,12/30/99,10/22/14 11:05 AM,1,1,1008,0,0,1,4.79,1,4.79,210,,,0,GL_VA-20_102214.txt,VA-20,NULL,VA-20||5028||Oct 22 2014 12:00AM||Oct 22 2014 11:05AM
CDTL,1,1,5029,12/30/99,10/22/14 11:09 AM,1,1,101107,0,0,1,3.99,1,3.99,210,,,0,GL_VA-20_102214.txt,VA-20,NULL,VA-20||5029||Oct 22 2014 12:00AM||Oct 22 2014 11:09AM
CDTL,1,2,5030,12/30/99,10/22/14 11:10 AM,1,1,100601,0,0,1,2.99,1,2.99,210,,,0,GL_VA-20_102214.txt,VA-20,NULL,VA-20||5030||Oct 22 2014 12:00AM||Oct 22 2014 11:10AM
CDTL,1,2,5030,12/30/99,10/22/14 11:10 AM,1,1,4516,0,0,1,4,1,4,210,,,0,GL_VA-20_102214.txt,VA-20,NULL,VA-20||5030||Oct 22 2014 12:00AM||Oct 22 2014 11:10AM
CDTL,1,2,5030,12/30/99,10/22/14 11:10 AM,1,1,4516,0,0,1,4.99,1,4.99,210,,,0,GL_VA-20_102214.txt,VA-20,NULL,VA-20||5030||Oct 22 2014 12:00AM||Oct 22 2014 11:10AM
CDTL,1,2,5044,12/30/99,10/22/14 1:04 PM,1,1,100010,0,0,1,5.99,1,5.99,210,,,0,GL_VA-20_102214.txt,VA-20,NULL,VA-20||5044||Oct 22 2014 12:00AM||Oct 22 2014  1:04PM
CDTL,1,2,5044,12/30/99,10/22/14 1:04 PM,1,1,1018,0,0,1,4,1,4,210,,,0,GL_VA-20_102214.txt,VA-20,NULL,VA-20||5044||Oct 22 2014 12:00AM||Oct 22 2014  1:04PM
CDTL,1,2,5049,12/30/99,10/22/14 1:33 PM,1,1,101103,0,0,1,3.99,1,3.99,210,,,0,GL_VA-20_102214.txt,VA-20,NULL,VA-20||5049||Oct 22 2014 12:00AM||Oct 22 2014  1:33PM
CDTL,1,2,5049,12/30/99,10/22/14 1:33 PM,1,1,1012,0,0,1,4,1,4,210,,,0,GL_VA-20_102214.txt,VA-20,NULL,VA-20||5049||Oct 22 2014 12:00AM||Oct 22 2014  1:33PM
CDTL,1,1,5684,12/30/99,10/22/14 1:34 PM,1,1,4511,0,0,1,3,1,3,228,,,0,GL_GA-16_102214.txt,GA-16,NULL,GA-16||5684||Oct 22 2014 12:00AM||Oct 22 2014  1:34PM
CDTL,1,1,5684,12/30/99,10/22/14 1:34 PM,1,1,108002,0,0,1,0.59,1,0.59,228,,,0,GL_GA-16_102214.txt,GA-16,NULL,GA-16||5684||Oct 22 2014 12:00AM||Oct 22 2014  1:34PM
CDTL,1,1,5685,12/30/99,10/22/14 1:43 PM,1,1,101103,0,0,1,4.29,1,4.29,228,,,0,GL_GA-16_102214.txt,GA-16,NULL,GA-16||5685||Oct 22 2014 12:00AM||Oct 22 2014  1:43PM
CDTL,1,1,5685,12/30/99,10/22/14 1:43 PM,1,1,2006,0,0,1,3,1,3,228,,,0,GL_GA-16_102214.txt,GA-16,NULL,GA-16||5685||Oct 22 2014 12:00AM||Oct 22 2014  1:43PM
CDTL,1,2,5721,12/30/99,10/22/14 5:14 PM,1,1,100536,0,0,1,6.99,1,6.99,909,,,0,GL_GA-16_102214.txt,GA-16,NULL,GA-16||5721||Oct 22 2014 12:00AM||Oct 22 2014  5:14PM
CDTL,1,2,5721,12/30/99,10/22/14 5:14 PM,1,1,1017,0,0,1,3,1,3,909,,,0,GL_GA-16_102214.txt,GA-16,NULL,GA-16||5721||Oct 22 2014 12:00AM||Oct 22 2014  5:14PM
CDTL,1,2,5659,12/30/99,10/22/14 11:44 AM,1,2,6206,0,0,1,0.69,1,0.69,228,,,0,GL_GA-16_102214.txt,GA-16,NULL,GA-16||5659||Oct 22 2014 12:00AM||Oct 22 2014 11:44AM
CDTL,1,2,5660,12/30/99,10/22/14 11:53 AM,1,1,9905017,0,0,1,6.99,1,6.99,228,,,0,GL_GA-16_102214.txt,GA-16,NULL,GA-16||5660||Oct 22 2014 12:00AM||Oct 22 2014 11:53AM
CDTL,1,2,5660,12/30/99,10/22/14 11:53 AM,1,1,9905017,0,0,1,6.99,1,6.99,228,,,0,GL_GA-16_102214.txt,GA-16,NULL,GA-16||5660||Oct 22 2014 12:00AM||Oct 22 2014 11:53AM
CDTL,1,1,5661,12/30/99,10/22/14 11:57 AM,1,2,6209,0,0,1,0.69,1,0.69,228,,,0,GL_GA-16_102214.txt,GA-16,NULL,GA-16||5661||Oct 22 2014 12:00AM||Oct 22 2014 11:57AM
CDTL,1,1,5661,12/30/99,10/22/14 11:57 AM,1,1,1005,0,0,1,3,1,3,228,,,0,GL_GA-16_102214.txt,GA-16,NULL,GA-16||5661||Oct 22 2014 12:00AM||Oct 22 2014 11:57AM
CDTL,1,1,5661,12/30/99,10/22/14 11:57 AM,1,1,101107,0,0,1,4.29,1,4.29,228,,,0,GL_GA-16_102214.txt,GA-16,NULL,GA-16||5661||Oct 22 2014 12:00AM||Oct 22 2014 11:57AM
CDTL,1,1,5726,12/30/99,10/22/14 6:11 PM,1,1,9905017,0,0,1,6.99,1,6.99,229,,,0,GL_GA-16_102214.txt,GA-16,NULL,GA-16||5726||Oct 22 2014 12:00AM||Oct 22 2014  6:11PM
CDTL,1,1,5726,12/30/99,10/22/14 6:11 PM,1,1,100014,0,0,1,6.99,1,6.99,229,,,0,GL_GA-16_102214.txt,GA-16,NULL,GA-16||5726||Oct 22 2014 12:00AM||Oct 22 2014  6:11PM
CDTL,1,1,5726,12/30/99,10/22/14 6:11 PM,1,1,2002,0,0,1,3,1,3,229,,,0,GL_GA-16_102214.txt,GA-16,NULL,GA-16||5726||Oct 22 2014 12:00AM||Oct 22 2014  6:11PM
CDTL,1,1,5650,12/30/99,10/22/14 8:48 AM,1,2,6221,0,0,1,0.69,1,0.69,228,,,0,GL_GA-16_102214.txt,GA-16,NULL,GA-16||5650||Oct 22 2014 12:00AM||Oct 22 2014  8:48AM
CDTL,1,1,5650,12/30/99,10/22/14 8:48 AM,1,2,6215,0,0,1,1,1,1,228,,,0,GL_GA-16_102214.txt,GA-16,NULL,GA-16||5650||Oct 22 2014 12:00AM||Oct 22 2014  8:48AM
CDTL,1,1,5651,12/30/99,10/22/14 8:55 AM,1,1,4516,0,0,1,5.19,1,5.19,228,,,0,GL_GA-16_102214.txt,GA-16,NULL,GA-16||5651||Oct 22 2014 12:00AM||Oct 22 2014  8:55AM
CDTL,1,1,5656,12/30/99,10/22/14 11:01 AM,1,1,1012,0,0,1,4.69,1,4.69,228,,,0,GL_GA-16_102214.txt,GA-16,NULL,GA-16||5656||Oct 22 2014 12:00AM||Oct 22 2014 11:01AM
CDTL,1,1,5656,12/30/99,10/22/14 11:01 AM,1,1,1012,0,0,1,4.69,1,4.69,228,,,0,GL_GA-16_102214.txt,GA-16,NULL,GA-16||5656||Oct 22 2014 12:00AM||Oct 22 2014 11:01AM
CDTL,1,1,5656,12/30/99,10/22/14 11:01 AM,1,1,1010,0,0,1,4.69,1,4.69,228,,,0,GL_GA-16_102214.txt,GA-16,NULL,GA-16||5656||Oct 22 2014 12:00AM||Oct 22 2014 11:01AM
CDTL,1,1,5656,12/30/99,10/22/14 11:01 AM,1,1,1001,0,0,1,4.69,1,4.69,228,,,0,GL_GA-16_102214.txt,GA-16,NULL,GA-16||5656||Oct 22 2014 12:00AM||Oct 22 2014 11:01AM
CDTL,1,2,5672,12/30/99,10/22/14 12:48 PM,1,1,100010,0,0,1,6.99,1,6.99,228,,,0,GL_GA-16_102214.txt,GA-16,NULL,GA-16||5672||Oct 22 2014 12:00AM||Oct 22 2014 12:48PM
CDTL,1,1,5670,12/30/99,10/22/14 12:39 PM,1,1,1005,0,0,1,3,1,3,228,,,0,GL_GA-16_102214.txt,GA-16,NULL,GA-16||5670||Oct 22 2014 12:00AM||Oct 22 2014 12:39PM
CDTL,1,1,5670,12/30/99,10/22/14 12:39 PM,1,1,102107,0,0,1,3.99,1,3.99,228,,,0,GL_GA-16_102214.txt,GA-16,NULL,GA-16||5670||Oct 22 2014 12:00AM||Oct 22 2014 12:39PM
CDTL,1,1,5670,12/30/99,10/22/14 12:39 PM,1,1,5103,0,0,1,3,1,3,228,,,0,GL_GA-16_102214.txt,GA-16,NULL,GA-16||5670||Oct 22 2014 12:00AM||Oct 22 2014 12:39PM
CDTL,1,1,5670,12/30/99,10/22/14 12:39 PM,1,1,100561,0,0,1,3.99,1,3.99,228,,,0,GL_GA-16_102214.txt,GA-16,NULL,GA-16||5670||Oct 22 2014 12:00AM||Oct 22 2014 12:39PM
CDTL,1,1,5670,12/30/99,10/22/14 12:39 PM,1,1,1005,0,0,1,3,1,3,228,,,0,GL_GA-16_102214.txt,GA-16,NULL,GA-16||5670||Oct 22 2014 12:00AM||Oct 22 2014 12:39PM
CDTL,1,1,5738,12/30/99,10/22/14 7:39 PM,1,1,101107,0,0,1,4.29,1,4.29,229,,,0,GL_GA-16_102214.txt,GA-16,NULL,GA-16||5738||Oct 22 2014 12:00AM||Oct 22 2014  7:39PM
CDTL,1,1,5738,12/30/99,10/22/14 7:39 PM,1,1,101105,0,0,1,4.29,1,4.29,229,,,0,GL_GA-16_102214.txt,GA-16,NULL,GA-16||5738||Oct 22 2014 12:00AM||Oct 22 2014  7:39PM
CDTL,1,1,5738,12/30/99,10/22/14 7:39 PM,1,1,2001,0,0,1,5.19,1,5.19,229,,,0,GL_GA-16_102214.txt,GA-16,NULL,GA-16||5738||Oct 22 2014 12:00AM||Oct 22 2014  7:39PM
CDTL,1,1,5682,12/30/99,10/22/14 1:23 PM,1,1,108003,0,0,1,1.29,1,1.29,228,,,0,GL_GA-16_102214.txt,GA-16,NULL,GA-16||5682||Oct 22 2014 12:00AM||Oct 22 2014  1:23PM
CDTL,1,1,5683,12/30/99,10/22/14 1:25 PM,1,1,4007,0,0,1,5.19,1,5.19,228,,,0,GL_GA-16_102214.txt,GA-16,NULL,GA-16||5683||Oct 22 2014 12:00AM||Oct 22 2014  1:25PM
CDTL,1,1,5683,12/30/99,10/22/14 1:25 PM,1,2,7013,0,0,1,0.5,1,0.5,228,,,0,GL_GA-16_102214.txt,GA-16,NULL,GA-16||5683||Oct 22 2014 12:00AM||Oct 22 2014  1:25PM
CDTL,1,2,5717,12/30/99,10/22/14 4:47 PM,1,1,1015,0,0,1,4.69,1,4.69,909,,,0,GL_GA-16_102214.txt,GA-16,NULL,GA-16||5717||Oct 22 2014 12:00AM||Oct 22 2014  4:47PM
CDTL,1,2,5722,12/30/99,10/22/14 5:16 PM,1,1,4008,0,0,1,5.19,1,5.19,909,,,0,GL_GA-16_102214.txt,GA-16,NULL,GA-16||5722||Oct 22 2014 12:00AM||Oct 22 2014  5:16PM
CDTL,1,2,5722,12/30/99,10/22/14 5:16 PM,1,2,6215,0,0,1,1,1,1,909,,,0,GL_GA-16_102214.txt,GA-16,NULL,GA-16||5722||Oct 22 2014 12:00AM||Oct 22 2014  5:16PM
CDTL,1,2,5722,12/30/99,10/22/14 5:16 PM,1,1,5003,0,0,1,4.69,1,4.69,909,,,0,GL_GA-16_102214.txt,GA-16,NULL,GA-16||5722||Oct 22 2014 12:00AM||Oct 22 2014  5:16PM
CDTL,1,2,5722,12/30/99,10/22/14 5:16 PM,1,2,6215,0,0,1,1,1,1,909,,,0,GL_GA-16_102214.txt,GA-16,NULL,GA-16||5722||Oct 22 2014 12:00AM||Oct 22 2014  5:16PM
CDTL,1,2,5722,12/30/99,10/22/14 5:16 PM,1,1,109052,0,0,1,2.99,1,2.99,909,,,0,GL_GA-16_102214.txt,GA-16,NULL,GA-16||5722||Oct 22 2014 12:00AM||Oct 22 2014  5:16PM
CDTL,1,1,5708,12/30/99,10/22/14 3:44 PM,1,1,108021,0,0,1,0.99,1,0.99,909,,,0,GL_GA-16_102214.txt,GA-16,NULL,GA-16||5708||Oct 22 2014 12:00AM||Oct 22 2014  3:44PM
CDTL,1,1,5708,12/30/99,10/22/14 3:44 PM,1,1,108021,0,0,1,0.99,1,0.99,909,,,0,GL_GA-16_102214.txt,GA-16,NULL,GA-16||5708||Oct 22 2014 12:00AM||Oct 22 2014  3:44PM
CDTL,1,2,5709,12/30/99,10/22/14 3:47 PM,1,1,4003,0,0,1,5.19,1,5.19,909,,,0,GL_GA-16_102214.txt,GA-16,NULL,GA-16||5709||Oct 22 2014 12:00AM||Oct 22 2014  3:47PM
CDTL,1,2,5709,12/30/99,10/22/14 3:47 PM,1,1,4003,0,0,1,5.19,1,5.19,909,,,0,GL_GA-16_102214.txt,GA-16,NULL,GA-16||5709||Oct 22 2014 12:00AM||Oct 22 2014  3:47PM
CDTL,1,1,5661,12/30/99,10/22/14 11:57 AM,1,1,1020,0,0,1,3,1,3,228,,,0,GL_GA-16_102214.txt,GA-16,NULL,GA-16||5661||Oct 22 2014 12:00AM||Oct 22 2014 11:57AM
CDTL,1,1,5661,12/30/99,10/22/14 11:57 AM,1,2,6209,0,0,1,0.69,1,0.69,228,,,0,GL_GA-16_102214.txt,GA-16,NULL,GA-16||5661||Oct 22 2014 12:00AM||Oct 22 2014 11:57AM
CDTL,1,1,5661,12/30/99,10/22/14 11:57 AM,1,1,100542,0,0,1,6.99,1,6.99,228,,,0,GL_GA-16_102214.txt,GA-16,NULL,GA-16||5661||Oct 22 2014 12:00AM||Oct 22 2014 11:57AM
CDTL,1,2,5662,12/30/99,10/22/14 11:58 AM,1,1,5105,0,0,1,5.19,1,5.19,228,,,0,GL_GA-16_102214.txt,GA-16,NULL,GA-16||5662||Oct 22 2014 12:00AM||Oct 22 2014 11:58AM
CDTL,1,3,5665,12/30/99,10/22/14 12:17 PM,1,1,100542,0,0,1,6.99,1,6.99,228,,,0,GL_GA-16_102214.txt,GA-16,NULL,GA-16||5665||Oct 22 2014 12:00AM||Oct 22 2014 12:17PM
CDTL,1,3,5665,12/30/99,10/22/14 12:17 PM,1,1,800102,0,0,1,1,1,1,228,,,0,GL_GA-16_102214.txt,GA-16,NULL,GA-16||5665||Oct 22 2014 12:00AM||Oct 22 2014 12:17PM
CDTL,1,1,5726,12/30/99,10/22/14 6:11 PM,1,1,9905036,0,0,1,6.99,1,6.99,229,,,0,GL_GA-16_102214.txt,GA-16,NULL,GA-16||5726||Oct 22 2014 12:00AM||Oct 22 2014  6:11PM
CDTL,1,1,5726,12/30/99,10/22/14 6:11 PM,1,1,1005,0,0,1,3,1,3,229,,,0,GL_GA-16_102214.txt,GA-16,NULL,GA-16||5726||Oct 22 2014 12:00AM||Oct 22 2014  6:11PM
CDTL,1,1,5726,12/30/99,10/22/14 6:11 PM,1,2,6209,0,0,1,0.69,1,0.69,229,,,0,GL_GA-16_102214.txt,GA-16,NULL,GA-16||5726||Oct 22 2014 12:00AM||Oct 22 2014  6:11PM
CDTL,1,1,5726,12/30/99,10/22/14 6:11 PM,1,2,6207,0,0,1,0.69,1,0.69,229,,,0,GL_GA-16_102214.txt,GA-16,NULL,GA-16||5726||Oct 22 2014 12:00AM||Oct 22 2014  6:11PM
CDTL,1,1,5640,12/30/99,10/22/14 7:05 AM,1,1,4008,0,0,1,5.19,1,5.19,228,,,0,GL_GA-16_102214.txt,GA-16,NULL,GA-16||5640||Oct 22 2014 12:00AM||Oct 22 2014  7:05AM
CDTL,1,2,5672,12/30/99,10/22/14 12:48 PM,1,1,1008,0,0,1,3,1,3,228,,,0,GL_GA-16_102214.txt,GA-16,NULL,GA-16||5672||Oct 22 2014 12:00AM||Oct 22 2014 12:48PM
CDTL,1,2,5672,12/30/99,10/22/14 12:48 PM,1,2,6209,0,0,1,0.69,1,0.69,228,,,0,GL_GA-16_102214.txt,GA-16,NULL,GA-16||5672||Oct 22 2014 12:00AM||Oct 22 2014 12:48PM
CDTL,1,2,5673,12/30/99,10/22/14 12:51 PM,1,1,100010,0,0,1,6.99,1,6.99,228,,,0,GL_GA-16_102214.txt,GA-16,NULL,GA-16||5673||Oct 22 2014 12:00AM||Oct 22 2014 12:51PM
CDTL,1,2,5674,12/30/99,10/22/14 12:52 PM,1,1,101103,0,0,1,4.29,1,4.29,228,,,0,GL_GA-16_102214.txt,GA-16,NULL,GA-16||5674||Oct 22 2014 12:00AM||Oct 22 2014 12:52PM
CDTL,1,2,5674,12/30/99,10/22/14 12:52 PM,1,1,108021,0,0,1,0.99,1,0.99,228,,,0,GL_GA-16_102214.txt,GA-16,NULL,GA-16||5674||Oct 22 2014 12:00AM||Oct 22 2014 12:52PM
CDTL,1,2,5674,12/30/99,10/22/14 12:52 PM,1,1,108021,0,0,1,0.99,1,0.99,228,,,0,GL_GA-16_102214.txt,GA-16,NULL,GA-16||5674||Oct 22 2014 12:00AM||Oct 22 2014 12:52PM
CDTL,1,2,5674,12/30/99,10/22/14 12:52 PM,1,1,101103,0,0,1,4.29,1,4.29,228,,,0,GL_GA-16_102214.txt,GA-16,NULL,GA-16||5674||Oct 22 2014 12:00AM||Oct 22 2014 12:52PM
CDTL,1,1,5670,12/30/99,10/22/14 12:39 PM,1,1,102109,0,0,1,3.99,1,3.99,228,,,0,GL_GA-16_102214.txt,GA-16,NULL,GA-16||5670||Oct 22 2014 12:00AM||Oct 22 2014 12:39PM
CDTL,1,1,5671,12/30/99,10/22/14 12:42 PM,1,1,4516,0,0,1,5.19,1,5.19,228,,,0,GL_GA-16_102214.txt,GA-16,NULL,GA-16||5671||Oct 22 2014 12:00AM||Oct 22 2014 12:42PM
CDTL,1,1,5671,12/30/99,10/22/14 12:42 PM,1,1,1005,0,0,1,4.69,1,4.69,228,,,0,GL_GA-16_102214.txt,GA-16,NULL,GA-16||5671||Oct 22 2014 12:00AM||Oct 22 2014 12:42PM
CDTL,1,2,5727,12/30/99,10/22/14 6:14 PM,1,1,4511,0,0,1,5.19,1,5.19,229,,,0,GL_GA-16_102214.txt,GA-16,NULL,GA-16||5727||Oct 22 2014 12:00AM||Oct 22 2014  6:14PM
CDTL,1,2,5727,12/30/99,10/22/14 6:14 PM,1,2,6215,0,0,1,1,1,1,229,,,0,GL_GA-16_102214.txt,GA-16,NULL,GA-16||5727||Oct 22 2014 12:00AM||Oct 22 2014  6:14PM
CDTL,1,2,5727,12/30/99,10/22/14 6:14 PM,1,1,108002,0,0,1,0.59,1,0.59,229,,,0,GL_GA-16_102214.txt,GA-16,NULL,GA-16||5727||Oct 22 2014 12:00AM||Oct 22 2014  6:14PM
CDTL,1,2,5718,12/30/99,10/22/14 4:55 PM,1,1,1005,0,0,1,4.69,1,4.69,909,,,0,GL_GA-16_102214.txt,GA-16,NULL,GA-16||5718||Oct 22 2014 12:00AM||Oct 22 2014  4:55PM
CDTL,1,1,5645,12/30/99,10/22/14 8:09 AM,1,1,1021,0,0,1,4.69,1,4.69,228,,,0,GL_GA-16_102214.txt,GA-16,NULL,GA-16||5645||Oct 22 2014 12:00AM||Oct 22 2014  8:09AM
CDTL,1,1,5645,12/30/99,10/22/14 8:09 AM,1,1,1012,0,0,1,4.69,1,4.69,228,,,0,GL_GA-16_102214.txt,GA-16,NULL,GA-16||5645||Oct 22 2014 12:00AM||Oct 22 2014  8:09AM
CDTL,1,1,5654,12/30/99,10/22/14 10:20 AM,1,1,1005,0,0,1,4.69,1,4.69,228,,,0,GL_GA-16_102214.txt,GA-16,NULL,GA-16||5654||Oct 22 2014 12:00AM||Oct 22 2014 10:20AM
CDTL,1,1,5646,12/30/99,10/22/14 8:16 AM,1,1,1018,0,0,1,4.69,1,4.69,228,,,0,GL_GA-16_102214.txt,GA-16,NULL,GA-16||5646||Oct 22 2014 12:00AM||Oct 22 2014  8:16AM
CDTL,1,1,5641,12/30/99,10/22/14 7:23 AM,1,1,4509,0,0,1,5.19,1,5.19,228,,,0,GL_GA-16_102214.txt,GA-16,NULL,GA-16||5641||Oct 22 2014 12:00AM||Oct 22 2014  7:23AM
CDTL,1,1,5642,12/30/99,10/22/14 7:24 AM,1,1,4523,0,0,1,4.99,1,4.99,228,,,0,GL_GA-16_102214.txt,GA-16,NULL,GA-16||5642||Oct 22 2014 12:00AM||Oct 22 2014  7:24AM
CDTL,1,1,5642,12/30/99,10/22/14 7:24 AM,1,2,6214,0,0,1,1,1,1,228,,,0,GL_GA-16_102214.txt,GA-16,NULL,GA-16||5642||Oct 22 2014 12:00AM||Oct 22 2014  7:24AM
CDTL,1,1,5644,12/30/99,10/22/14 7:54 AM,1,1,4516,0,0,1,5.19,1,5.19,228,,,0,GL_GA-16_102214.txt,GA-16,NULL,GA-16||5644||Oct 22 2014 12:00AM||Oct 22 2014  7:54AM
CDTL,1,2,5674,12/30/99,10/22/14 12:52 PM,1,1,4516,0,0,1,3,1,3,228,,,0,GL_GA-16_102214.txt,GA-16,NULL,GA-16||5674||Oct 22 2014 12:00AM||Oct 22 2014 12:52PM
CDTL,1,1,5675,12/30/99,10/22/14 12:53 PM,1,1,108002,0,0,1,0.59,1,0.59,228,,,0,GL_GA-16_102214.txt,GA-16,NULL,GA-16||5675||Oct 22 2014 12:00AM||Oct 22 2014 12:53PM
CDTL,1,1,5675,12/30/99,10/22/14 12:53 PM,1,1,101103,0,0,1,4.29,1,4.29,228,,,0,GL_GA-16_102214.txt,GA-16,NULL,GA-16||5675||Oct 22 2014 12:00AM||Oct 22 2014 12:53PM
CDTL,1,1,5675,12/30/99,10/22/14 12:53 PM,1,1,1018,0,0,1,3,1,3,228,,,0,GL_GA-16_102214.txt,GA-16,NULL,GA-16||5675||Oct 22 2014 12:00AM||Oct 22 2014 12:53PM
CDTL,1,1,5676,12/30/99,10/22/14 12:55 PM,1,1,100010,0,0,1,6.99,1,6.99,228,,,0,GL_GA-16_102214.txt,GA-16,NULL,GA-16||5676||Oct 22 2014 12:00AM||Oct 22 2014 12:55PM
CDTL,1,1,5728,12/30/99,10/22/14 6:15 PM,1,1,4008,0,0,1,5.19,1,5.19,229,,,0,GL_GA-16_102214.txt,GA-16,NULL,GA-16||5728||Oct 22 2014 12:00AM||Oct 22 2014  6:15PM
CDTL,1,1,5728,12/30/99,10/22/14 6:15 PM,1,1,100001,0,0,1,6.99,1,6.99,229,,,0,GL_GA-16_102214.txt,GA-16,NULL,GA-16||5728||Oct 22 2014 12:00AM||Oct 22 2014  6:15PM
CDTL,1,1,5728,12/30/99,10/22/14 6:15 PM,1,1,4001,0,0,1,3,1,3,229,,,0,GL_GA-16_102214.txt,GA-16,NULL,GA-16||5728||Oct 22 2014 12:00AM||Oct 22 2014  6:15PM
CDTL,1,2,5729,12/30/99,10/22/14 6:19 PM,1,1,5103,0,0,1,3,1,3,229,,,0,GL_GA-16_102214.txt,GA-16,NULL,GA-16||5729||Oct 22 2014 12:00AM||Oct 22 2014  6:19PM
CDTL,1,2,5729,12/30/99,10/22/14 6:19 PM,1,1,100540,0,0,1,6.99,1,6.99,229,,,0,GL_GA-16_102214.txt,GA-16,NULL,GA-16||5729||Oct 22 2014 12:00AM||Oct 22 2014  6:19PM
CDTL,1,1,5647,12/30/99,10/22/14 8:17 AM,1,1,2006,0,0,1,5.19,1,5.19,228,,,0,GL_GA-16_102214.txt,GA-16,NULL,GA-16||5647||Oct 22 2014 12:00AM||Oct 22 2014  8:17AM
CDTL,1,1,5647,12/30/99,10/22/14 8:17 AM,1,2,6207,0,0,1,0.69,1,0.69,228,,,0,GL_GA-16_102214.txt,GA-16,NULL,GA-16||5647||Oct 22 2014 12:00AM||Oct 22 2014  8:17AM
CDTL,1,3,5648,12/30/99,10/22/14 8:19 AM,1,1,4516,0,0,1,5.19,1,5.19,228,,,0,GL_GA-16_102214.txt,GA-16,NULL,GA-16||5648||Oct 22 2014 12:00AM||Oct 22 2014  8:19AM
CDTL,1,1,5735,12/30/99,10/22/14 7:17 PM,1,1,800102,0,0,1,1.29,1,1.29,229,,,0,GL_GA-16_102214.txt,GA-16,NULL,GA-16||5735||Oct 22 2014 12:00AM||Oct 22 2014  7:17PM
CDTL,1,2,5695,12/30/99,10/22/14 2:46 PM,1,1,4516,0,0,1,5.19,1,5.19,909,,,0,GL_GA-16_102214.txt,GA-16,NULL,GA-16||5695||Oct 22 2014 12:00AM||Oct 22 2014  2:46PM
CDTL,1,2,5695,12/30/99,10/22/14 2:46 PM,1,1,1012,0,0,1,4.69,1,4.69,909,,,0,GL_GA-16_102214.txt,GA-16,NULL,GA-16||5695||Oct 22 2014 12:00AM||Oct 22 2014  2:46PM
CDTL,1,2,5663,12/30/99,10/22/14 12:04 PM,1,1,1018,0,0,1,4.69,1,4.69,228,,,0,GL_GA-16_102214.txt,GA-16,NULL,GA-16||5663||Oct 22 2014 12:00AM||Oct 22 2014 12:04PM
CDTL,1,2,5664,12/30/99,10/22/14 12:07 PM,1,1,101102,0,0,1,4.29,1,4.29,228,,,0,GL_GA-16_102214.txt,GA-16,NULL,GA-16||5664||Oct 22 2014 12:00AM||Oct 22 2014 12:07PM
CDTL,1,2,5664,12/30/99,10/22/14 12:07 PM,1,1,5105,0,0,1,3,1,3,228,,,0,GL_GA-16_102214.txt,GA-16,NULL,GA-16||5664||Oct 22 2014 12:00AM||Oct 22 2014 12:07PM
CDTL,1,1,5684,12/30/99,10/22/14 1:34 PM,1,1,100536,0,0,1,6.99,1,6.99,228,,,0,GL_GA-16_102214.txt,GA-16,NULL,GA-16||5684||Oct 22 2014 12:00AM||Oct 22 2014  1:34PM
CDTL,1,2,5709,12/30/99,10/22/14 3:47 PM,1,1,100006,0,0,1,6.99,1,6.99,909,,,0,GL_GA-16_102214.txt,GA-16,NULL,GA-16||5709||Oct 22 2014 12:00AM||Oct 22 2014  3:47PM
CDTL,1,2,5710,12/30/99,10/22/14 3:49 PM,1,1,4509,0,0,1,5.19,1,5.19,909,,,0,GL_GA-16_102214.txt,GA-16,NULL,GA-16||5710||Oct 22 2014 12:00AM||Oct 22 2014  3:49PM
CDTL,1,2,5711,12/30/99,10/22/14 3:57 PM,1,2,6213,0,0,1,0.25,1,0.25,909,,,0,GL_GA-16_102214.txt,GA-16,NULL,GA-16||5711||Oct 22 2014 12:00AM||Oct 22 2014  3:57PM
CDTL,1,2,5711,12/30/99,10/22/14 3:57 PM,1,1,2007,0,0,1,5.19,1,5.19,909,,,0,GL_GA-16_102214.txt,GA-16,NULL,GA-16||5711||Oct 22 2014 12:00AM||Oct 22 2014  3:57PM
CDTL,1,2,5711,12/30/99,10/22/14 3:57 PM,1,2,6236,0,0,1,0.69,1,0.69,909,,,0,GL_GA-16_102214.txt,GA-16,NULL,GA-16||5711||Oct 22 2014 12:00AM||Oct 22 2014  3:57PM
CDTL,1,2,5711,12/30/99,10/22/14 3:57 PM,1,1,1001,0,0,1,4.69,1,4.69,909,,,0,GL_GA-16_102214.txt,GA-16,NULL,GA-16||5711||Oct 22 2014 12:00AM||Oct 22 2014  3:57PM
CDTL,1,1,5666,12/30/99,10/22/14 12:20 PM,1,1,4003,0,0,1,5.19,1,5.19,228,,,0,GL_GA-16_102214.txt,GA-16,NULL,GA-16||5666||Oct 22 2014 12:00AM||Oct 22 2014 12:20PM
CDTL,1,1,5724,12/30/99,10/22/14 5:47 PM,1,1,1005,0,0,1,4.69,1,4.69,229,,,0,GL_GA-16_102214.txt,GA-16,NULL,GA-16||5724||Oct 22 2014 12:00AM||Oct 22 2014  5:47PM
CDTL,1,1,5724,12/30/99,10/22/14 5:47 PM,1,1,1005,0,0,1,4.69,1,4.69,229,,,0,GL_GA-16_102214.txt,GA-16,NULL,GA-16||5724||Oct 22 2014 12:00AM||Oct 22 2014  5:47PM
CDTL,1,2,5731,12/30/99,10/22/14 6:28 PM,1,1,4503,0,0,1,4.69,1,4.69,229,,,0,GL_GA-16_102214.txt,GA-16,NULL,GA-16||5731||Oct 22 2014 12:00AM||Oct 22 2014  6:28PM
CDTL,1,2,5731,12/30/99,10/22/14 6:28 PM,1,1,4503,0,0,1,4.69,1,4.69,229,,,0,GL_GA-16_102214.txt,GA-16,NULL,GA-16||5731||Oct 22 2014 12:00AM||Oct 22 2014  6:28PM
CDTL,1,2,5729,12/30/99,10/22/14 6:19 PM,1,1,800102,0,0,1,1,1,1,229,,,0,GL_GA-16_102214.txt,GA-16,NULL,GA-16||5729||Oct 22 2014 12:00AM||Oct 22 2014  6:19PM
CDTL,1,2,5729,12/30/99,10/22/14 6:19 PM,1,1,100014,0,0,1,6.99,1,6.99,229,,,0,GL_GA-16_102214.txt,GA-16,NULL,GA-16||5729||Oct 22 2014 12:00AM||Oct 22 2014  6:19PM
CDTL,1,2,5730,12/30/99,10/22/14 6:26 PM,1,1,5103,0,0,1,5.19,1,5.19,229,,,0,GL_GA-16_102214.txt,GA-16,NULL,GA-16||5730||Oct 22 2014 12:00AM||Oct 22 2014  6:26PM
CDTL,1,1,5739,12/30/99,10/22/14 7:57 PM,1,1,1016,0,0,1,4.69,1,4.69,229,,,0,GL_GA-16_102214.txt,GA-16,NULL,GA-16||5739||Oct 22 2014 12:00AM||Oct 22 2014  7:57PM
CDTL,1,1,5742,12/30/99,10/22/14 8:39 PM,1,1,5104,0,0,1,5.19,1,5.19,229,,,0,GL_GA-16_102214.txt,GA-16,NULL,GA-16||5742||Oct 22 2014 12:00AM||Oct 22 2014  8:39PM
CDTL,1,1,5742,12/30/99,10/22/14 8:39 PM,1,2,6221,0,0,1,0.69,1,0.69,229,,,0,GL_GA-16_102214.txt,GA-16,NULL,GA-16||5742||Oct 22 2014 12:00AM||Oct 22 2014  8:39PM
CDTL,1,2,5696,12/30/99,10/22/14 2:51 PM,1,1,101101,0,0,1,4.29,1,4.29,909,,,0,GL_GA-16_102214.txt,GA-16,NULL,GA-16||5696||Oct 22 2014 12:00AM||Oct 22 2014  2:51PM
CDTL,1,2,5696,12/30/99,10/22/14 2:51 PM,1,1,1016,0,0,1,3,1,3,909,,,0,GL_GA-16_102214.txt,GA-16,NULL,GA-16||5696||Oct 22 2014 12:00AM||Oct 22 2014  2:51PM
CDTL,1,2,5697,12/30/99,10/22/14 2:58 PM,1,1,109053,0,0,1,2.99,1,2.99,909,,,0,GL_GA-16_102214.txt,GA-16,NULL,GA-16||5697||Oct 22 2014 12:00AM||Oct 22 2014  2:58PM
CDTL,1,2,5697,12/30/99,10/22/14 2:58 PM,1,1,109053,0,0,1,2.99,1,2.99,909,,,0,GL_GA-16_102214.txt,GA-16,NULL,GA-16||5697||Oct 22 2014 12:00AM||Oct 22 2014  2:58PM
CDTL,1,1,5723,12/30/99,10/22/14 5:31 PM,1,1,9905017,0,0,1,6.99,1,6.99,909,,,0,GL_GA-16_102214.txt,GA-16,NULL,GA-16||5723||Oct 22 2014 12:00AM||Oct 22 2014  5:31PM
CDTL,1,2,5711,12/30/99,10/22/14 3:57 PM,1,1,4516,0,0,1,5.19,1,5.19,909,,,0,GL_GA-16_102214.txt,GA-16,NULL,GA-16||5711||Oct 22 2014 12:00AM||Oct 22 2014  3:57PM
CDTL,1,2,5712,12/30/99,10/22/14 3:58 PM,1,1,1001,0,0,1,4.69,1,4.69,909,,,0,GL_GA-16_102214.txt,GA-16,NULL,GA-16||5712||Oct 22 2014 12:00AM||Oct 22 2014  3:58PM
CDTL,1,2,5713,12/30/99,10/22/14 3:58 PM,1,1,1010,0,0,1,4.69,1,4.69,909,,,0,GL_GA-16_102214.txt,GA-16,NULL,GA-16||5713||Oct 22 2014 12:00AM||Oct 22 2014  3:58PM
CDTL,1,2,5719,12/30/99,10/22/14 5:01 PM,1,1,109008,0,0,1,3.99,1,3.99,909,,,0,GL_GA-16_102214.txt,GA-16,NULL,GA-16||5719||Oct 22 2014 12:00AM||Oct 22 2014  5:01PM
CDTL,1,2,5719,12/30/99,10/22/14 5:01 PM,1,1,800102,0,0,1,1,1,1,909,,,0,GL_GA-16_102214.txt,GA-16,NULL,GA-16||5719||Oct 22 2014 12:00AM||Oct 22 2014  5:01PM
CDTL,1,2,5659,12/30/99,10/22/14 11:44 AM,1,1,4516,0,0,1,5.19,1,5.19,228,,,0,GL_GA-16_102214.txt,GA-16,NULL,GA-16||5659||Oct 22 2014 12:00AM||Oct 22 2014 11:44AM
CDTL,1,2,5659,12/30/99,10/22/14 11:44 AM,1,2,6215,0,0,1,1,1,1,228,,,0,GL_GA-16_102214.txt,GA-16,NULL,GA-16||5659||Oct 22 2014 12:00AM||Oct 22 2014 11:44AM
CDTL,1,2,5659,12/30/99,10/22/14 11:44 AM,1,1,4516,0,0,1,5.19,1,5.19,228,,,0,GL_GA-16_102214.txt,GA-16,NULL,GA-16||5659||Oct 22 2014 12:00AM||Oct 22 2014 11:44AM
CDTL,1,2,5734,12/30/99,10/22/14 7:02 PM,1,1,9905036,0,0,1,6.99,1,6.99,229,,,0,GL_GA-16_102214.txt,GA-16,NULL,GA-16||5734||Oct 22 2014 12:00AM||Oct 22 2014  7:02PM
CDTL,1,2,5734,12/30/99,10/22/14 7:02 PM,1,2,900119,0,0,1,0.15,1,0.15,229,,,0,GL_GA-16_102214.txt,GA-16,NULL,GA-16||5734||Oct 22 2014 12:00AM||Oct 22 2014  7:02PM
CDTL,1,2,5734,12/30/99,10/22/14 7:02 PM,1,1,4516,0,0,1,3,1,3,229,,,0,GL_GA-16_102214.txt,GA-16,NULL,GA-16||5734||Oct 22 2014 12:00AM||Oct 22 2014  7:02PM
CDTL,1,1,5698,12/30/99,10/22/14 3:00 PM,1,1,4516,0,0,1,5.19,1,5.19,909,,,0,GL_GA-16_102214.txt,GA-16,NULL,GA-16||5698||Oct 22 2014 12:00AM||Oct 22 2014  3:00PM
CDTL,1,1,5698,12/30/99,10/22/14 3:00 PM,1,3,6207,0,0,1,1.38,1,1.38,909,,,0,GL_GA-16_102214.txt,GA-16,NULL,GA-16||5698||Oct 22 2014 12:00AM||Oct 22 2014  3:00PM
CDTL,1,2,5699,12/30/99,10/22/14 3:02 PM,1,1,108002,0,0,1,0.59,1,0.59,909,,,0,GL_GA-16_102214.txt,GA-16,NULL,GA-16||5699||Oct 22 2014 12:00AM||Oct 22 2014  3:02PM
CDTL,1,2,5700,12/30/99,10/22/14 3:07 PM,1,1,1015,0,0,1,4.69,1,4.69,909,,,0,GL_GA-16_102214.txt,GA-16,NULL,GA-16||5700||Oct 22 2014 12:00AM||Oct 22 2014  3:07PM
CDTL,1,3,5643,12/30/99,10/22/14 7:41 AM,1,1,5103,0,0,1,5.19,1,5.19,228,,,0,GL_GA-16_102214.txt,GA-16,NULL,GA-16||5643||Oct 22 2014 12:00AM||Oct 22 2014  7:41AM
CDTL,1,3,5643,12/30/99,10/22/14 7:41 AM,1,2,6207,0,0,1,0.69,1,0.69,228,,,0,GL_GA-16_102214.txt,GA-16,NULL,GA-16||5643||Oct 22 2014 12:00AM||Oct 22 2014  7:41AM
CDTL,1,1,5688,12/30/99,10/22/14 1:59 PM,1,1,1016,0,0,1,4.69,1,4.69,909,,,0,GL_GA-16_102214.txt,GA-16,NULL,GA-16||5688||Oct 22 2014 12:00AM||Oct 22 2014  1:59PM
CDTL,1,2,5689,12/30/99,10/22/14 2:06 PM,1,1,100561,0,0,1,3.99,1,3.99,909,,,0,GL_GA-16_102214.txt,GA-16,NULL,GA-16||5689||Oct 22 2014 12:00AM||Oct 22 2014  2:06PM
CDTL,1,2,5689,12/30/99,10/22/14 2:06 PM,1,1,1012,0,0,1,3,1,3,909,,,0,GL_GA-16_102214.txt,GA-16,NULL,GA-16||5689||Oct 22 2014 12:00AM||Oct 22 2014  2:06PM
CDTL,1,2,5689,12/30/99,10/22/14 2:06 PM,1,2,6220,0,0,1,0.69,1,0.69,909,,,0,GL_GA-16_102214.txt,GA-16,NULL,GA-16||5689||Oct 22 2014 12:00AM||Oct 22 2014  2:06PM
CDTL,1,2,5689,12/30/99,10/22/14 2:06 PM,1,2,6206,0,0,1,0.69,1,0.69,909,,,0,GL_GA-16_102214.txt,GA-16,NULL,GA-16||5689||Oct 22 2014 12:00AM||Oct 22 2014  2:06PM
CDTL,1,2,5690,12/30/99,10/22/14 2:06 PM,1,1,1015,0,0,1,4.69,1,4.69,909,,,0,GL_GA-16_102214.txt,GA-16,NULL,GA-16||5690||Oct 22 2014 12:00AM||Oct 22 2014  2:06PM
CDTL,1,1,5676,12/30/99,10/22/14 12:55 PM,1,1,1016,0,0,1,3,1,3,228,,,0,GL_GA-16_102214.txt,GA-16,NULL,GA-16||5676||Oct 22 2014 12:00AM||Oct 22 2014 12:55PM
CDTL,1,2,5714,12/30/99,10/22/14 4:00 PM,1,1,1005,0,0,1,4.69,1,4.69,909,,,0,GL_GA-16_102214.txt,GA-16,NULL,GA-16||5714||Oct 22 2014 12:00AM||Oct 22 2014  4:00PM
CDTL,1,2,5714,12/30/99,10/22/14 4:00 PM,1,1,5003,0,0,1,4.69,1,4.69,909,,,0,GL_GA-16_102214.txt,GA-16,NULL,GA-16||5714||Oct 22 2014 12:00AM||Oct 22 2014  4:00PM
CDTL,1,2,5686,12/30/99,10/22/14 1:46 PM,1,1,4509,0,0,1,5.19,1,5.19,228,,,0,GL_GA-16_102214.txt,GA-16,NULL,GA-16||5686||Oct 22 2014 12:00AM||Oct 22 2014  1:46PM
CDTL,1,2,5686,12/30/99,10/22/14 1:46 PM,1,2,6206,0,0,1,0.69,1,0.69,228,,,0,GL_GA-16_102214.txt,GA-16,NULL,GA-16||5686||Oct 22 2014 12:00AM||Oct 22 2014  1:46PM
CDTL,1,2,5700,12/30/99,10/22/14 3:07 PM,1,3,7007,0,0,1,1,1,1,909,,,0,GL_GA-16_102214.txt,GA-16,NULL,GA-16||5700||Oct 22 2014 12:00AM||Oct 22 2014  3:07PM
CDTL,1,2,5700,12/30/99,10/22/14 3:07 PM,1,1,100561,0,0,1,3.99,1,3.99,909,,,0,GL_GA-16_102214.txt,GA-16,NULL,GA-16||5700||Oct 22 2014 12:00AM||Oct 22 2014  3:07PM
CDTL,1,2,5700,12/30/99,10/22/14 3:07 PM,1,1,1015,0,0,1,3,1,3,909,,,0,GL_GA-16_102214.txt,GA-16,NULL,GA-16||5700||Oct 22 2014 12:00AM||Oct 22 2014  3:07PM
CDTL,1,2,5701,12/30/99,10/22/14 3:08 PM,1,1,4516,0,0,1,5.19,1,5.19,909,,,0,GL_GA-16_102214.txt,GA-16,NULL,GA-16||5701||Oct 22 2014 12:00AM||Oct 22 2014  3:08PM
CDTL,1,1,5725,12/30/99,10/22/14 6:06 PM,1,1,1010,0,0,1,4.69,1,4.69,229,,,0,GL_GA-16_102214.txt,GA-16,NULL,GA-16||5725||Oct 22 2014 12:00AM||Oct 22 2014  6:06PM
CDTL,1,2,5691,12/30/99,10/22/14 2:10 PM,1,1,5105,0,0,1,5.19,1,5.19,909,,,0,GL_GA-16_102214.txt,GA-16,NULL,GA-16||5691||Oct 22 2014 12:00AM||Oct 22 2014  2:10PM
CDTL,1,2,5691,12/30/99,10/22/14 2:10 PM,1,1,108003,0,0,1,1.29,1,1.29,909,,,0,GL_GA-16_102214.txt,GA-16,NULL,GA-16||5691||Oct 22 2014 12:00AM||Oct 22 2014  2:10PM
CDTL,1,1,5692,12/30/99,10/22/14 2:11 PM,1,1,100542,0,0,1,6.99,1,6.99,909,,,0,GL_GA-16_102214.txt,GA-16,NULL,GA-16||5692||Oct 22 2014 12:00AM||Oct 22 2014  2:11PM
CDTL,1,2,5715,12/30/99,10/22/14 4:33 PM,1,1,4516,0,0,1,5.19,1,5.19,909,,,0,GL_GA-16_102214.txt,GA-16,NULL,GA-16||5715||Oct 22 2014 12:00AM||Oct 22 2014  4:33PM
CDTL,1,2,5715,12/30/99,10/22/14 4:33 PM,1,2,6215,0,0,1,1,1,1,909,,,0,GL_GA-16_102214.txt,GA-16,NULL,GA-16||5715||Oct 22 2014 12:00AM||Oct 22 2014  4:33PM
CDTL,1,1,5716,12/30/99,10/22/14 4:38 PM,1,1,100536,0,0,1,6.99,1,6.99,909,,,0,GL_GA-16_102214.txt,GA-16,NULL,GA-16||5716||Oct 22 2014 12:00AM||Oct 22 2014  4:38PM
CDTL,1,3,5687,12/30/99,10/22/14 1:50 PM,1,1,1013,0,0,1,4.69,1,4.69,228,,,0,GL_GA-16_102214.txt,GA-16,NULL,GA-16||5687||Oct 22 2014 12:00AM||Oct 22 2014  1:50PM
CDTL,1,3,5687,12/30/99,10/22/14 1:50 PM,1,1,1001,0,0,1,4.69,1,4.69,228,,,0,GL_GA-16_102214.txt,GA-16,NULL,GA-16||5687||Oct 22 2014 12:00AM||Oct 22 2014  1:50PM
CDTL,1,2,5702,12/30/99,10/22/14 3:20 PM,1,1,1010,0,0,1,4.69,1,4.69,909,,,0,GL_GA-16_102214.txt,GA-16,NULL,GA-16||5702||Oct 22 2014 12:00AM||Oct 22 2014  3:20PM
CDTL,1,2,5703,12/30/99,10/22/14 3:22 PM,1,1,2006,0,0,1,5.19,1,5.19,909,,,0,GL_GA-16_102214.txt,GA-16,NULL,GA-16||5703||Oct 22 2014 12:00AM||Oct 22 2014  3:22PM
CDTL,1,2,5704,12/30/99,10/22/14 3:25 PM,1,1,1005,0,0,1,4.69,1,4.69,909,,,0,GL_GA-16_102214.txt,GA-16,NULL,GA-16||5704||Oct 22 2014 12:00AM||Oct 22 2014  3:25PM
CDTL,1,2,5693,12/30/99,10/22/14 2:25 PM,1,1,4511,0,0,1,5.19,1,5.19,909,,,0,GL_GA-16_102214.txt,GA-16,NULL,GA-16||5693||Oct 22 2014 12:00AM||Oct 22 2014  2:25PM
CDTL,1,1,5742,12/30/99,10/22/14 8:39 PM,1,2,6209,0,0,1,0.69,1,0.69,229,,,0,GL_GA-16_102214.txt,GA-16,NULL,GA-16||5742||Oct 22 2014 12:00AM||Oct 22 2014  8:39PM
CDTL,1,1,5742,12/30/99,10/22/14 8:39 PM,1,1,5104,0,0,1,5.19,1,5.19,229,,,0,GL_GA-16_102214.txt,GA-16,NULL,GA-16||5742||Oct 22 2014 12:00AM||Oct 22 2014  8:39PM
CDTL,1,1,5742,12/30/99,10/22/14 8:39 PM,1,2,6221,0,0,1,0.69,1,0.69,229,,,0,GL_GA-16_102214.txt,GA-16,NULL,GA-16||5742||Oct 22 2014 12:00AM||Oct 22 2014  8:39PM
CDTL,1,1,5742,12/30/99,10/22/14 8:39 PM,1,2,6209,0,0,1,0.69,1,0.69,229,,,0,GL_GA-16_102214.txt,GA-16,NULL,GA-16||5742||Oct 22 2014 12:00AM||Oct 22 2014  8:39PM
CDTL,1,1,5742,12/30/99,10/22/14 8:39 PM,1,1,108003,0,0,1,1.29,1,1.29,229,,,0,GL_GA-16_102214.txt,GA-16,NULL,GA-16||5742||Oct 22 2014 12:00AM||Oct 22 2014  8:39PM
CDTL,1,1,5743,12/30/99,10/22/14 8:40 PM,1,1,1012,0,0,1,4.69,1,4.69,229,,,0,GL_GA-16_102214.txt,GA-16,NULL,GA-16||5743||Oct 22 2014 12:00AM||Oct 22 2014  8:40PM
CDTL,1,2,5740,12/30/99,10/22/14 8:19 PM,1,1,100540,0,0,1,6.99,1,6.99,229,,,0,GL_GA-16_102214.txt,GA-16,NULL,GA-16||5740||Oct 22 2014 12:00AM||Oct 22 2014  8:19PM
CDTL,1,2,5741,12/30/99,10/22/14 8:25 PM,1,1,100015,0,0,1,6.99,1,6.99,229,,,0,GL_GA-16_102214.txt,GA-16,NULL,GA-16||5741||Oct 22 2014 12:00AM||Oct 22 2014  8:25PM
CDTL,1,1,5723,12/30/99,10/22/14 5:31 PM,1,1,1015,0,0,1,3,1,3,909,,,0,GL_GA-16_102214.txt,GA-16,NULL,GA-16||5723||Oct 22 2014 12:00AM||Oct 22 2014  5:31PM
CDTL,1,1,5723,12/30/99,10/22/14 5:31 PM,1,2,6236,0,0,1,0.69,1,0.69,909,,,0,GL_GA-16_102214.txt,GA-16,NULL,GA-16||5723||Oct 22 2014 12:00AM||Oct 22 2014  5:31PM
CDTL,1,1,5723,12/30/99,10/22/14 5:31 PM,1,1,4516,0,0,1,5.19,1,5.19,909,,,0,GL_GA-16_102214.txt,GA-16,NULL,GA-16||5723||Oct 22 2014 12:00AM||Oct 22 2014  5:31PM
CDTL,1,1,5723,12/30/99,10/22/14 5:31 PM,1,2,6216,0,0,1,0.69,1,0.69,909,,,0,GL_GA-16_102214.txt,GA-16,NULL,GA-16||5723||Oct 22 2014 12:00AM||Oct 22 2014  5:31PM
CDTL,1,2,5705,12/30/99,10/22/14 3:32 PM,1,1,101107,0,0,1,4.29,1,4.29,909,,,0,GL_GA-16_102214.txt,GA-16,NULL,GA-16||5705||Oct 22 2014 12:00AM||Oct 22 2014  3:32PM
CDTL,1,2,5705,12/30/99,10/22/14 3:32 PM,1,1,4503,0,0,1,3,1,3,909,,,0,GL_GA-16_102214.txt,GA-16,NULL,GA-16||5705||Oct 22 2014 12:00AM||Oct 22 2014  3:32PM
CDTL,1,2,5705,12/30/99,10/22/14 3:32 PM,1,1,9905017,0,0,1,6.99,1,6.99,909,,,0,GL_GA-16_102214.txt,GA-16,NULL,GA-16||5705||Oct 22 2014 12:00AM||Oct 22 2014  3:32PM
CDTL,1,1,5716,12/30/99,10/22/14 4:38 PM,1,1,5105,0,0,1,3,1,3,909,,,0,GL_GA-16_102214.txt,GA-16,NULL,GA-16||5716||Oct 22 2014 12:00AM||Oct 22 2014  4:38PM
CDTL,1,1,5649,12/30/99,10/22/14 8:40 AM,1,1,2007,0,0,1,5.19,1,5.19,228,,,0,GL_GA-16_102214.txt,GA-16,NULL,GA-16||5649||Oct 22 2014 12:00AM||Oct 22 2014  8:40AM
CDTL,1,1,5649,12/30/99,10/22/14 8:40 AM,1,1,5104,0,0,1,5.19,1,5.19,228,,,0,GL_GA-16_102214.txt,GA-16,NULL,GA-16||5649||Oct 22 2014 12:00AM||Oct 22 2014  8:40AM
CDTL,1,1,5650,12/30/99,10/22/14 8:48 AM,1,1,4006,0,0,1,5.19,1,5.19,228,,,0,GL_GA-16_102214.txt,GA-16,NULL,GA-16||5650||Oct 22 2014 12:00AM||Oct 22 2014  8:48AM
CDTL,1,2,5694,12/30/99,10/22/14 2:27 PM,1,1,101101,0,0,1,4.29,1,4.29,909,,,0,GL_GA-16_102214.txt,GA-16,NULL,GA-16||5694||Oct 22 2014 12:00AM||Oct 22 2014  2:27PM
CDTL,1,2,5694,12/30/99,10/22/14 2:27 PM,1,1,1021,0,0,1,4.69,1,4.69,909,,,0,GL_GA-16_102214.txt,GA-16,NULL,GA-16||5694||Oct 22 2014 12:00AM||Oct 22 2014  2:27PM
CDTL,1,2,5667,12/30/99,10/22/14 12:30 PM,1,1,100006,0,0,1,6.99,1,6.99,228,,,0,GL_GA-16_102214.txt,GA-16,NULL,GA-16||5667||Oct 22 2014 12:00AM||Oct 22 2014 12:30PM
CDTL,1,2,5667,12/30/99,10/22/14 12:30 PM,1,1,4516,0,0,1,3,1,3,228,,,0,GL_GA-16_102214.txt,GA-16,NULL,GA-16||5667||Oct 22 2014 12:00AM||Oct 22 2014 12:30PM
CDTL,1,1,5668,12/30/99,10/22/14 12:34 PM,1,1,100561,0,0,1,3.99,1,3.99,228,,,0,GL_GA-16_102214.txt,GA-16,NULL,GA-16||5668||Oct 22 2014 12:00AM||Oct 22 2014 12:34PM
CDTL,1,2,5741,12/30/99,10/22/14 8:25 PM,1,1,100015,0,0,1,6.99,1,6.99,229,,,0,GL_GA-16_102214.txt,GA-16,NULL,GA-16||5741||Oct 22 2014 12:00AM||Oct 22 2014  8:25PM
CDTL,1,2,5741,12/30/99,10/22/14 8:25 PM,1,1,1008,0,0,1,3,1,3,229,,,0,GL_GA-16_102214.txt,GA-16,NULL,GA-16||5741||Oct 22 2014 12:00AM||Oct 22 2014  8:25PM
CDTL,1,1,5732,12/30/99,10/22/14 6:50 PM,1,1,800102,0,0,1,1.29,1,1.29,229,,,0,GL_GA-16_102214.txt,GA-16,NULL,GA-16||5732||Oct 22 2014 12:00AM||Oct 22 2014  6:50PM
CDTL,1,1,5733,12/30/99,10/22/14 6:50 PM,1,1,4008,0,0,1,5.19,1,5.19,229,,,0,GL_GA-16_102214.txt,GA-16,NULL,GA-16||5733||Oct 22 2014 12:00AM||Oct 22 2014  6:50PM
CDTL,1,1,5733,12/30/99,10/22/14 6:50 PM,1,1,108003,0,0,1,1.29,1,1.29,229,,,0,GL_GA-16_102214.txt,GA-16,NULL,GA-16||5733||Oct 22 2014 12:00AM||Oct 22 2014  6:50PM
CDTL,1,2,5705,12/30/99,10/22/14 3:32 PM,1,1,800102,0,0,1,1,1,1,909,,,0,GL_GA-16_102214.txt,GA-16,NULL,GA-16||5705||Oct 22 2014 12:00AM||Oct 22 2014  3:32PM
CDTL,1,2,5706,12/30/99,10/22/14 3:37 PM,1,1,4516,0,0,1,5.19,1,5.19,909,,,0,GL_GA-16_102214.txt,GA-16,NULL,GA-16||5706||Oct 22 2014 12:00AM||Oct 22 2014  3:37PM
CDTL,1,2,5706,12/30/99,10/22/14 3:37 PM,1,2,6214,0,0,1,1,1,1,909,,,0,GL_GA-16_102214.txt,GA-16,NULL,GA-16||5706||Oct 22 2014 12:00AM||Oct 22 2014  3:37PM
CDTL,1,1,5707,12/30/99,10/22/14 3:42 PM,1,1,1013,0,0,1,4.69,1,4.69,909,,,0,GL_GA-16_102214.txt,GA-16,NULL,GA-16||5707||Oct 22 2014 12:00AM||Oct 22 2014  3:42PM
CDTL,1,1,5707,12/30/99,10/22/14 3:42 PM,1,1,1010,0,0,1,4.69,1,4.69,909,,,0,GL_GA-16_102214.txt,GA-16,NULL,GA-16||5707||Oct 22 2014 12:00AM||Oct 22 2014  3:42PM
CDTL,1,1,5707,12/30/99,10/22/14 3:42 PM,1,2,6215,0,0,1,1,1,1,909,,,0,GL_GA-16_102214.txt,GA-16,NULL,GA-16||5707||Oct 22 2014 12:00AM||Oct 22 2014  3:42PM
CDTL,1,1,5707,12/30/99,10/22/14 3:42 PM,1,1,4008,0,0,1,5.19,1,5.19,909,,,0,GL_GA-16_102214.txt,GA-16,NULL,GA-16||5707||Oct 22 2014 12:00AM||Oct 22 2014  3:42PM
CDTL,1,1,5652,12/30/99,10/22/14 9:45 AM,1,1,2007,0,0,1,5.19,1,5.19,228,,,0,GL_GA-16_102214.txt,GA-16,NULL,GA-16||5652||Oct 22 2014 12:00AM||Oct 22 2014  9:45AM
CDTL,1,1,5652,12/30/99,10/22/14 9:45 AM,1,4,6211,0,0,1,0.75,1,0.75,228,,,0,GL_GA-16_102214.txt,GA-16,NULL,GA-16||5652||Oct 22 2014 12:00AM||Oct 22 2014  9:45AM
CDTL,1,1,5668,12/30/99,10/22/14 12:34 PM,1,1,1021,0,0,1,3,1,3,228,,,0,GL_GA-16_102214.txt,GA-16,NULL,GA-16||5668||Oct 22 2014 12:00AM||Oct 22 2014 12:34PM
CDTL,1,1,5668,12/30/99,10/22/14 12:34 PM,1,1,109007,0,0,1,2.99,1,2.99,228,,,0,GL_GA-16_102214.txt,GA-16,NULL,GA-16||5668||Oct 22 2014 12:00AM||Oct 22 2014 12:34PM
CDTL,1,1,5668,12/30/99,10/22/14 12:34 PM,1,1,109052,0,0,1,2,1,2,228,,,0,GL_GA-16_102214.txt,GA-16,NULL,GA-16||5668||Oct 22 2014 12:00AM||Oct 22 2014 12:34PM
CDTL,1,2,5097,12/30/99,10/22/14 6:53 PM,1,1,4503,0,0,1,4.79,1,4.79,219,,,0,GL_VA-20_102214.txt,VA-20,NULL,VA-20||5097||Oct 22 2014 12:00AM||Oct 22 2014  6:53PM
CDTL,1,2,5097,12/30/99,10/22/14 6:53 PM,1,1,109051,0,0,1,2.39,1,2.39,219,,,0,GL_VA-20_102214.txt,VA-20,NULL,VA-20||5097||Oct 22 2014 12:00AM||Oct 22 2014  6:53PM
CDTL,1,2,5097,12/30/99,10/22/14 6:53 PM,1,1,1018,0,0,1,4.79,1,4.79,219,,,0,GL_VA-20_102214.txt,VA-20,NULL,VA-20||5097||Oct 22 2014 12:00AM||Oct 22 2014  6:53PM
CDTL,1,2,5097,12/30/99,10/22/14 6:53 PM,1,1,1020,0,0,1,4.79,1,4.79,219,,,0,GL_VA-20_102214.txt,VA-20,NULL,VA-20||5097||Oct 22 2014 12:00AM||Oct 22 2014  6:53PM
CDTL,1,2,5101,12/30/99,10/22/14 8:16 PM,1,1,5103,0,0,1,4.99,1,4.99,219,,,0,GL_VA-20_102214.txt,VA-20,NULL,VA-20||5101||Oct 22 2014 12:00AM||Oct 22 2014  8:16PM
CDTL,1,2,5101,12/30/99,10/22/14 8:16 PM,1,1,1021,0,0,1,4.79,1,4.79,219,,,0,GL_VA-20_102214.txt,VA-20,NULL,VA-20||5101||Oct 22 2014 12:00AM||Oct 22 2014  8:16PM
CDTL,1,1,5080,12/30/99,10/22/14 5:31 PM,1,1,109055,0,0,1,2.39,1,2.39,219,,,0,GL_VA-20_102214.txt,VA-20,NULL,VA-20||5080||Oct 22 2014 12:00AM||Oct 22 2014  5:31PM
CDTL,1,1,5080,12/30/99,10/22/14 5:31 PM,1,1,109053,0,0,1,2.39,1,2.39,219,,,0,GL_VA-20_102214.txt,VA-20,NULL,VA-20||5080||Oct 22 2014 12:00AM||Oct 22 2014  5:31PM
CDTL,1,1,5080,12/30/99,10/22/14 5:31 PM,1,1,4008,0,0,1,4.99,1,4.99,219,,,0,GL_VA-20_102214.txt,VA-20,NULL,VA-20||5080||Oct 22 2014 12:00AM||Oct 22 2014  5:31PM
CDTL,1,2,5081,12/30/99,10/22/14 5:32 PM,1,1,1016,0,0,1,4.79,1,4.79,219,,,0,GL_VA-20_102214.txt,VA-20,NULL,VA-20||5081||Oct 22 2014 12:00AM||Oct 22 2014  5:32PM
CDTL,1,2,5081,12/30/99,10/22/14 5:32 PM,1,1,101103,0,0,1,3.99,1,3.99,219,,,0,GL_VA-20_102214.txt,VA-20,NULL,VA-20||5081||Oct 22 2014 12:00AM||Oct 22 2014  5:32PM
CDTL,1,2,5081,12/30/99,10/22/14 5:32 PM,1,1,1016,0,0,1,4,1,4,219,,,0,GL_VA-20_102214.txt,VA-20,NULL,VA-20||5081||Oct 22 2014 12:00AM||Oct 22 2014  5:32PM
CDTL,1,1,5082,12/30/99,10/22/14 5:37 PM,1,1,4523,0,0,1,4.99,1,4.99,219,,,0,GL_VA-20_102214.txt,VA-20,NULL,VA-20||5082||Oct 22 2014 12:00AM||Oct 22 2014  5:37PM
CDTL,1,1,5034,12/30/99,10/22/14 11:30 AM,1,1,108021,0,0,1,0.99,1,0.99,210,,,0,GL_VA-20_102214.txt,VA-20,NULL,VA-20||5034||Oct 22 2014 12:00AM||Oct 22 2014 11:30AM
CDTL,1,2,5053,12/30/99,10/22/14 2:14 PM,1,1,101101,0,0,1,3.99,1,3.99,210,,,0,GL_VA-20_102214.txt,VA-20,NULL,VA-20||5053||Oct 22 2014 12:00AM||Oct 22 2014  2:14PM
CDTL,1,2,5053,12/30/99,10/22/14 2:14 PM,1,1,101107,0,0,1,3.99,1,3.99,210,,,0,GL_VA-20_102214.txt,VA-20,NULL,VA-20||5053||Oct 22 2014 12:00AM||Oct 22 2014  2:14PM
CDTL,1,2,5669,12/30/99,10/22/14 12:34 PM,1,1,101103,0,0,1,4.29,1,4.29,228,,,0,GL_GA-16_102214.txt,GA-16,NULL,GA-16||5669||Oct 22 2014 12:00AM||Oct 22 2014 12:34PM
CDTL,1,2,5669,12/30/99,10/22/14 12:34 PM,1,1,800102,0,0,1,1,1,1,228,,,0,GL_GA-16_102214.txt,GA-16,NULL,GA-16||5669||Oct 22 2014 12:00AM||Oct 22 2014 12:34PM
CDTL,1,1,5736,12/30/99,10/22/14 7:32 PM,1,1,100001,0,0,1,6.99,1,6.99,229,,,0,GL_GA-16_102214.txt,GA-16,NULL,GA-16||5736||Oct 22 2014 12:00AM||Oct 22 2014  7:32PM
CDTL,1,1,5736,12/30/99,10/22/14 7:32 PM,1,1,2006,0,0,1,3,1,3,229,,,0,GL_GA-16_102214.txt,GA-16,NULL,GA-16||5736||Oct 22 2014 12:00AM||Oct 22 2014  7:32PM
CDTL,1,1,5736,12/30/99,10/22/14 7:32 PM,1,1,100541,0,0,1,6.99,1,6.99,229,,,0,GL_GA-16_102214.txt,GA-16,NULL,GA-16||5736||Oct 22 2014 12:00AM||Oct 22 2014  7:32PM
CDTL,1,1,5736,12/30/99,10/22/14 7:32 PM,1,1,4516,0,0,1,3,1,3,229,,,0,GL_GA-16_102214.txt,GA-16,NULL,GA-16||5736||Oct 22 2014 12:00AM||Oct 22 2014  7:32PM
CDTL,1,1,5736,12/30/99,10/22/14 7:32 PM,1,1,101105,0,0,1,4.29,1,4.29,229,,,0,GL_GA-16_102214.txt,GA-16,NULL,GA-16||5736||Oct 22 2014 12:00AM||Oct 22 2014  7:32PM
CDTL,1,1,5736,12/30/99,10/22/14 7:32 PM,1,1,4004,0,0,1,3,1,3,229,,,0,GL_GA-16_102214.txt,GA-16,NULL,GA-16||5736||Oct 22 2014 12:00AM||Oct 22 2014  7:32PM
CDTL,1,1,5653,12/30/99,10/22/14 9:58 AM,1,1,1017,0,0,1,4.69,1,4.69,228,,,0,GL_GA-16_102214.txt,GA-16,NULL,GA-16||5653||Oct 22 2014 12:00AM||Oct 22 2014  9:58AM
CDTL,1,1,5653,12/30/99,10/22/14 9:58 AM,1,1,4511,0,0,1,5.19,1,5.19,228,,,0,GL_GA-16_102214.txt,GA-16,NULL,GA-16||5653||Oct 22 2014 12:00AM||Oct 22 2014  9:58AM
CDTL,1,2,5655,12/30/99,10/22/14 10:36 AM,1,1,100007,0,0,1,6.99,1,6.99,228,,,0,GL_GA-16_102214.txt,GA-16,NULL,GA-16||5655||Oct 22 2014 12:00AM||Oct 22 2014 10:36AM
CDTL,1,2,5655,12/30/99,10/22/14 10:36 AM,1,1,1010,0,0,1,3,1,3,228,,,0,GL_GA-16_102214.txt,GA-16,NULL,GA-16||5655||Oct 22 2014 12:00AM||Oct 22 2014 10:36AM
CDTL,1,1,5736,12/30/99,10/22/14 7:32 PM,1,1,100536,0,0,1,6.99,1,6.99,229,,,0,GL_GA-16_102214.txt,GA-16,NULL,GA-16||5736||Oct 22 2014 12:00AM||Oct 22 2014  7:32PM
CDTL,1,1,5736,12/30/99,10/22/14 7:32 PM,1,1,1010,0,0,1,3,1,3,229,,,0,GL_GA-16_102214.txt,GA-16,NULL,GA-16||5736||Oct 22 2014 12:00AM||Oct 22 2014  7:32PM
CDTL,1,1,5738,12/30/99,10/22/14 7:39 PM,1,1,5103,0,0,1,3,1,3,229,,,0,GL_GA-16_102214.txt,GA-16,NULL,GA-16||5738||Oct 22 2014 12:00AM||Oct 22 2014  7:39PM
CDTL,1,3,5657,12/30/99,10/22/14 11:24 AM,1,1,5103,0,0,1,5.19,1,5.19,228,,,0,GL_GA-16_102214.txt,GA-16,NULL,GA-16||5657||Oct 22 2014 12:00AM||Oct 22 2014 11:24AM
CDTL,1,2,5677,12/30/99,10/22/14 12:59 PM,1,1,5104,0,0,1,5.19,1,5.19,228,,,0,GL_GA-16_102214.txt,GA-16,NULL,GA-16||5677||Oct 22 2014 12:00AM||Oct 22 2014 12:59PM
CDTL,1,2,5678,12/30/99,10/22/14 12:59 PM,1,1,5003,0,0,1,4.69,1,4.69,228,,,0,GL_GA-16_102214.txt,GA-16,NULL,GA-16||5678||Oct 22 2014 12:00AM||Oct 22 2014 12:59PM
CDTL,1,2,5678,12/30/99,10/22/14 12:59 PM,1,2,6215,0,0,1,1,1,1,228,,,0,GL_GA-16_102214.txt,GA-16,NULL,GA-16||5678||Oct 22 2014 12:00AM||Oct 22 2014 12:59PM
CDTL,1,2,5679,12/30/99,10/22/14 1:08 PM,1,1,1017,0,0,1,4.69,1,4.69,228,,,0,GL_GA-16_102214.txt,GA-16,NULL,GA-16||5679||Oct 22 2014 12:00AM||Oct 22 2014  1:08PM
CDTL,1,1,5680,12/30/99,10/22/14 1:09 PM,1,1,100010,0,0,1,6.99,1,6.99,228,,,0,GL_GA-16_102214.txt,GA-16,NULL,GA-16||5680||Oct 22 2014 12:00AM||Oct 22 2014  1:09PM
CDTL,1,1,5680,12/30/99,10/22/14 1:09 PM,1,1,2007,0,0,1,3,1,3,228,,,0,GL_GA-16_102214.txt,GA-16,NULL,GA-16||5680||Oct 22 2014 12:00AM||Oct 22 2014  1:09PM
CDTL,1,1,5681,12/30/99,10/22/14 1:10 PM,1,1,100010,0,0,1,6.99,1,6.99,228,,,0,GL_GA-16_102214.txt,GA-16,NULL,GA-16||5681||Oct 22 2014 12:00AM||Oct 22 2014  1:10PM
CDTL,1,1,5681,12/30/99,10/22/14 1:10 PM,1,1,2001,0,0,1,3,1,3,228,,,0,GL_GA-16_102214.txt,GA-16,NULL,GA-16||5681||Oct 22 2014 12:00AM||Oct 22 2014  1:10PM
CDTL,1,1,5681,12/30/99,10/22/14 1:10 PM,1,2,6220,0,0,1,0.69,1,0.69,228,,,0,GL_GA-16_102214.txt,GA-16,NULL,GA-16||5681||Oct 22 2014 12:00AM||Oct 22 2014  1:10PM
CDTL,1,2,5041,12/30/99,10/22/14 12:35 PM,1,1,101101,0,0,0,0,1,3.99,210,,,1,GL_VA-20_102214.txt,VA-20,NULL,VA-20||5041||Oct 22 2014 12:00AM||Oct 22 2014 12:35PM
